"","X","age","waa","maa","naa","baa","ssb","faa","M","catch","Fmulti"
"1",1,0,49.999929782297,0,15.3930435932514,769.651098798406,0,0,0.4,0,0
"2",2,1,100.292440659856,0.0209054044693735,10.3182656900569,1034.84404943266,21.633833416114,0,0.4,0,0
"3",3,2,147.114853948194,0.0461066378750808,6.91654033236688,1017.52582082295,46.914694549228,0,0.4,0,0
"4",4,3,190.706600470481,0.270044268927785,4.63629563399952,884.172179136183,238.765629721117,0,0.4,0,0
"5",5,4,231.290590730902,1,3.10780190281739,718.805337977257,718.805337977257,0,0.4,0,0
"6",6,5,269.074354788529,1,2.0832219145662,560.541592543225,560.541592543225,0,0.4,0,0
"7",7,6,304.251103481835,1,4.23570008695593,1288.71642547445,1288.71642547445,0,0.4,0,0
"8",8,0,49.999929782297,0,15.1606213781602,758.030004364,0,0.00198790917101668,0.4,1.23251564197259,0.1
"9",9,1,104.839259624979,0.0210119277472327,10.1422864225999,1063.30979944985,22.3421886789647,0.00321944854370896,0.4,2.79823059892262,0.1
"10",10,2,155.894769114271,0.0479916710897526,6.77672542531533,1056.45604553034,50.7010910578727,0.00839223030740064,0.4,7.22851114202134,0.1
"11",11,3,203.427535409718,0.284165158284413,4.50461208348076,916.362134119328,260.398190887862,0.0212271015888094,0.4,15.7578761971071,0.1
"12",12,4,247.680621791542,1,2.95611136845976,732.171501825158,732.171501825158,0.0245150283592658,0.4,14.5168981184242,0.1
"13",13,5,288.880320587627,1,1.93355378558293,558.565637452616,558.565637452616,0.027873184725449,0.4,12.5708135456526,0.1
"14",14,6,327.23731034067,1,3.62094463784579,1184.90818418113,1184.90818418113,0.027873184725449,0.4,26.6669820936171,0.1
"15",15,0,49.999929782297,0,14.9010262880159,745.050268084954,0,0.00397581834203336,0.4,2.42041680702842,0.2
"16",16,1,109.261319257868,0.0211306393229413,9.94882317819805,1087.02154551317,22.9694602145051,0.00643889708741792,0.4,5.71206710866633,0.2
"17",17,2,164.433773797306,0.0501726353054742,6.62609322624006,1089.55351472342,54.6657711400158,0.0167844606148013,0.4,14.8476409743894,0.2
"18",18,3,215.799422946677,0.299834153475357,4.36767535820594,942.541821919261,282.606229290282,0.0424542031776187,0.4,32.0757063144755,0.2
"19",19,4,263.620929793907,1,2.80604693935026,739.732703196864,739.732703196864,0.0490300567185315,0.4,28.9784449668103,0.2
"20",20,5,308.142834121242,1,1.79095080181754,551.868655843768,551.868655843768,0.055746369450898,0.4,24.4987814748176,0.2
"21",21,6,349.592802882464,1,3.10201799411518,1084.44316515457,1084.44316515457,0.055746369450898,0.4,48.1410492218686,0.2
"22",22,0,49.999929782297,0,14.6215288673135,731.075416675504,0,0.00596372751305005,0.4,3.5589895490179,0.3
"23",23,1,113.546760291652,0.0212584836553121,9.74282673773397,1106.26641215258,23.5175464411664,0.00965834563112688,0.4,8.70578581574088,0.3
"24",24,2,172.708967732773,0.0526325718542146,6.4680388578091,1117.08831438768,58.7952309745128,0.0251766909222019,0.4,22.7390167685008,0.3
"25",25,3,227.789083629206,0.316836712903577,4.22786128357209,963.060647496284,305.132969879513,0.0636813047664281,0.4,48.6465286407053,0.3
"26",26,4,279.068765344661,1,2.65917241900052,742.091963809052,742.091963809052,0.0735450850777973,0.4,43.0804515896912,0.3
"27",27,5,326.810236364492,1,1.65610733325673,541.232829026599,541.232829026599,0.083619554176347,0.4,35.5469094933624,0.3
"28",28,6,371.257627200194,1,2.66283252170911,988.596883641235,988.596883641235,0.083619554176347,0.4,64.9287368828251,0.3
"29",29,0,49.999929782297,0,14.3282948511448,716.413736457288,0,0.00795163668406673,0.4,4.64553787060157,0.4
"30",30,1,117.685524466812,0.021392850364623,9.52847426301879,1121.36349101189,23.9891613675686,0.0128777941748358,0.4,11.7472339769013,0.4
"31",31,2,180.700928404408,0.0553557349183759,6.30540254257477,1139.39209340678,63.0718866907188,0.0335689212296026,0.4,30.7951754435125,0.4
"32",32,3,239.368376802062,0.334962613350408,4.08710906935784,978.324663745173,327.702186073242,0.0849084063552375,0.4,65.2030063928351,0.4
"33",33,4,293.987871186323,1,2.51665209565527,739.865192118292,739.865192118292,0.098060113437063,0.4,56.5804760601226,0.4
"34",34,5,344.838713489387,1,1.52939062435581,527.393095325588,527.393095325588,0.111492738901796,0.4,45.5550684443438,0.4
"35",35,6,392.180934285855,1,2.29026498607544,898.198262001245,898.198262001245,0.111492738901796,0.4,77.5844122054666,0.4
"36",36,0,49.999929782297,0,14.0263241838257,701.315224295021,0,0.00993954585508341,0.4,5.67890174629856,0.5
"37",37,1,121.67120130818,0.0215316033831133,9.30913631195398,1132.65379821704,24.3878523535861,0.0160972427185448,0.4,14.8080884186779,0.5
"38",38,2,188.397277173741,0.058328110755317,6.14045641653733,1156.84526947966,67.4765990049742,0.0419611515370032,0.4,38.9209909855172,0.5
"39",39,3,250.519367456578,0.354012877519344,3.94692945242441,988.782269817103,350.041656578061,0.106135507944047,0.4,81.5190795257426,0.5
"40",40,4,308.355139320105,1,2.37929069238929,733.666512934728,733.666512934728,0.122575141796329,0.4,69.2942497906446,0.5
"41",41,5,362.20034143453,1,1.4108992584635,511.028193145205,511.028193145205,0.139365923627245,0.4,54.4290867258811,0.5
"42",42,6,412.330316315554,1,1.97350889612641,813.737547391364,813.737547391364,0.139365923627245,0.4,86.6703483940374,0.5
"43",43,0,49.999929782297,0,13.7197204528702,685.985059276255,0,0.0119274550261001,0.4,6.65910876797492,0.6
"44",44,1,125.499808174986,0.0216729677086187,9.08756314970396,1140.48743206592,24.71774728725,0.0193166912622538,0.4,17.8639104027484,0.6
"45",45,2,195.790323554665,0.0615358168160764,5.97503586701094,1169.8542056528,71.9879341005672,0.0503533818444038,0.4,47.0341467852241,0.6
"46",46,3,261.23091309632,0.373794289393116,3.80850498141259,994.899233826295,371.887652125855,0.127362609532856,0.4,97.4090264594545,0.6
"47",47,4,322.156213422081,1,2.24762501370973,724.086363609479,724.086363609479,0.147090170155595,0.4,81.0898197856051,0.6
"48",48,5,378.877771797122,1,1.30054569153854,492.747853730471,492.747853730471,0.167239108352694,0.4,62.1289728856337,0.6
"49",49,6,431.685639255969,1,1.70364118026802,735.437431966796,735.437431966796,0.167239108352694,0.4,92.7289118031111,0.6
"50",50,0,49.999929782297,0,13.4117558679789,670.586851656256,0,0.0139153641971168,0.4,7.58704283177733,0.7
"51",51,1,129.170026059809,0.0218155071522862,8.86593373054643,1145.21289101922,24.9834000149203,0.0225361398059627,0.4,20.8940384477183,0.7
"52",52,2,202.877520541602,0.0649653102988868,5.81057842047618,1178.83574285874,76.583429826237,0.0587456121518045,0.4,55.0650239019298,0.7
"53",53,3,271.499323447336,0.394123593480609,3.67272726394176,997.142967366775,392.997569512511,0.148589711121666,0.4,112.725166222525,0.7
"54",54,4,335.386338833495,1,2.12196977967407,711.679675520203,711.679675520203,0.17160519851486,0.4,91.8809054382124,0.7
"55",55,5,394.865258974344,1,1.19810315277602,473.089311698881,473.089311698881,0.195112293078143,0.4,68.65772937719,0.7
"56",56,6,450.240234933668,1,1.4732565861546,663.319391467819,663.319391467819,0.195112293078143,0.4,96.2651282619276,0.7
"57",57,0,49.999929782297,0,13.1050866583105,655.253412706441,0,0.0159032733681335,0.4,8.46424341096886,0.8
"58",58,1,132.682093424199,0.021958035114754,8.64600336981581,1147.16982685984,25.1895953407747,0.0257555883496717,0.4,23.8813868130604,0.8
"59",59,2,209.659328604211,0.0686022939253466,5.64822641850705,1184.20335870875,81.2390668815206,0.0671378424592051,0.4,62.9560596550626,0.8
"60",60,3,281.325265669213,0.414824495267304,3.54027265437924,995.968145034688,413.151983066328,0.169816812710475,0.4,127.35432430152,0.8
"61",61,4,348.046375142608,1,2.00248104146094,696.956267772276,696.956267772276,0.196120226874126,0.4,101.619684764414,0.8
"62",62,5,410.163841705879,1,1.10325699069812,452.51612569361,452.51612569361,0.222985477803592,0.4,74.0509183897656,0.8
"63",63,6,467.995308878614,1,1.2761997694201,597.255505280575,597.255505280575,0.222985477803592,0.4,97.7364477599093,0.8
"64",64,0,49.999929782297,0,12.8016502864504,640.081615420042,0,0.0178911825391501,0.4,9.29257928405144,0.9
"65",65,1,136.039061907865,0.0220996675007155,8.42904018695003,1146.67871981638,25.341218438088,0.0289750368933806,0.4,26.8120608851854,0.9
"66",66,2,216.141640463966,0.0724338750790273,5.48879022674392,1186.35612377102,85.9323712684688,0.0755300727666058,0.4,70.6607370076815,0.9
"67",67,3,290.717277535387,0.435740028368405,3.41158775095185,991.807503029795,432.1702295062,0.191043914299284,0.4,141.213848977737,0.9
"68",68,4,360.147322670739,1,1.8891630206051,680.377003959493,680.377003959493,0.220635255233392,0.4,110.289924131276,0.9
"69",69,5,424.786812949321,1,1.01561935616333,431.421709474264,431.421709474264,0.250858662529041,0.4,78.3676991076253,0.9
"70",70,6,484.966288496678,1,1.1073206321505,537.013177149821,537.013177149821,0.250858662529041,0.4,97.5483758918663,0.9
"71",71,0,49.999929782297,0,12.5029568907798,625.146966610075,0,0.0198790917101668,0.4,10.0741921510745,1
"72",72,1,139.244909933489,0.0222396980951209,8.21602138841508,1144.03915824147,25.4430854882866,0.0321944854370896,0.4,29.6750386681265,1
"73",73,2,222.332138461845,0.0764467394088323,5.33288085587705,1185.67080484938,90.6406670429809,0.0839223030740064,0.4,78.1423676661197,1
"74",74,3,299.686489741077,0.456724423690607,3.28698025404269,985.063574182287,449.902593217014,0.212271015888094,0.4,154.24711863354,1
"75",75,4,371.70352253678,1,1.78193218271647,662.350469237367,662.350469237367,0.245150283592658,0.4,117.90022166863,1
"76",76,5,438.751502733467,1,0.934772577307817,410.13287300784,410.13287300784,0.27873184725449,0.4,81.6829454453063,1
"77",77,6,501.173286496869,1,0.962317827796891,482.287988411496,482.287988411496,0.27873184725449,0.4,96.0535134807145,1
"78",78,0,49.999929782297,0,12.2100779329303,610.503039282889,0,0.0218670008811835,0.4,10.811313231787,1.1
"79",79,1,142.304949495657,0.0223776086658627,8.00762866100544,1139.52519218435,25.4998488155934,0.0354139339807986,0.4,32.4617451622038,1.1
"80",80,2,228.241080068441,0.0806283077824293,5.18091010069479,1182.49651712007,95.342693134008,0.092314533381407,0.4,85.3727764920115,1.1
"81",81,3,308.247764003462,0.477649003023382,3.16662452695422,976.104929872161,466.235546599646,0.233498117476903,0.4,166.419292211913,1.1
"82",82,4,382.734123019324,1,1.68062892771653,643.234038770493,643.234038770493,0.269665311951923,0.4,124.478180976857,1.1
"83",83,5,452.081050132887,1,0.860280115684233,388.916338106969,388.916338106969,0.306605031979939,0.4,84.0810079540342,1.1
"84",84,6,516.643157391611,1,0.837583584109341,432.731827473632,432.731827473632,0.306605031979939,0.4,93.5536120824186,1.1
"85",85,0,49.999929782297,0,11.9237522974917,596.186777616085,0,0.0238549100522002,0.4,11.5061888118222,1.2
"86",86,1,145.225279633468,0.0225130252707858,7.80432051175906,1133.38462866942,25.5159167867548,0.0386333825245075,0.4,35.165680969021,1.2
"87",87,2,233.880242538642,0.0849665626965223,5.03314033099686,1177.15208134457,100.018566122905,0.100706763688808,0.4,92.3310192326845,1.2
"88",88,3,316.418164006003,0.498401028056629,3.05059711202892,965.264337310205,481.088738061807,0.254725219065712,0.4,177.713298752723,1.2
"89",89,4,393.261109475833,1,1.58504393601448,623.336136844994,623.336136844994,0.294180340311189,0.4,130.065318474811,1.2
"90",90,5,464.802022591926,1,0.791703589038818,367.98542947853,367.98542947853,0.334478216705388,0.4,85.6507396194552,1.2
"91",91,6,531.406734555938,1,0.730088428328854,387.973907635313,387.973907635313,0.334478216705388,0.4,90.3031736585473,1.2
"92",92,0,49.999929782297,0,11.6444442790286,582.221396305298,0,0.0258428192232169,0.4,12.1610071243691,1.3
"93",93,1,148.012572471457,0.0226456952928265,7.60637233510347,1125.83873649439,25.4954009755126,0.0418528310682165,0.4,37.7820572223178,1.3
"94",94,2,239.262509756289,0.0894502704801928,4.889712606358,1169.92491018418,104.65009965749,0.109098993996208,0.4,99.0021566631844,1.3
"95",95,3,324.216356791033,0.518883943120816,2.93889757358121,952.838664288507,494.412683283992,0.275952320654522,0.4,188.126225456271,1.3
"96",96,4,403.308533079052,1,1.49493423424429,602.919733062722,602.919733062722,0.318695368670455,0.4,134.712809117448,1.3
"97",97,5,476.943483917908,1,0.728612562003052,347.507013748088,347.507013748088,0.362351401430837,0.4,86.4817259315041,1.3
"98",98,6,545.497748568508,1,0.637283422328345,347.636672080146,347.636672080146,0.362351401430837,0.4,86.5139931258171,1.3
"99",99,0,49.999929782297,0,11.3723638134214,568.617392129806,0,0.0278307283942336,0.4,12.7778111667479,1.4
"100",100,1,150.674104199819,0.0227754810825348,7.41389140192604,1117.08144561994,25.4420673323676,0.0450722796119255,0.4,40.3074111622966,1.4
"101",101,2,244.401932057042,0.0940696431819442,4.75065820208042,1161.07004313109,109.221444666586,0.117491224303609,0.4,105.376027915045,1.4
"102",102,3,331.662699435179,0.539018764724288,2.83145850872189,939.08917234141,506.186685641421,0.297179422243331,0.4,197.665979539596,1.4
"103",103,4,412.902622492188,1,1.41003218554733,582.205987210885,582.205987210885,0.343210397029721,0.4,138.477900207202,1.4
"104",104,5,488.537129231148,1,0.670589658541982,327.607946676196,327.607946676196,0.390224586156286,0.4,86.6614580789465,1.4
"105",105,6,558.952983830514,1,0.557018428086247,311.34711242739,311.34711242739,0.390224586156286,0.4,82.3600129526035,1.4
"106",106,0,49.999929782297,0,11.1076202363599,555.380231866414,0,0.0298186375652502,0.4,13.358582353689,1.5
"107",107,1,153.216789607144,0.0229022911586781,7.2269185571822,1107.28526008375,25.3593694221508,0.0482917281556344,0.4,42.7394721183432,1.5
"108",108,2,249.311861909448,0.0988148387896206,4.61596531381272,1150.81490689608,113.717589501628,0.12588345461101,0.4,111.446570084691,1.5
"109",109,3,338.776537897993,0.558737137190187,2.72818774809329,924.246000034766,516.410564118907,0.31840652383214,0.4,206.349098807467,1.5
"110",110,4,422.068303625125,1,1.33006928704029,561.380087684972,561.380087684972,0.367725425388986,0.4,141.421479768627,1.5
"111",111,5,499.613079384797,1,0.617241828752676,308.382090788228,308.382090788228,0.418097770881735,0.4,86.2736052926124,1.5
"112",112,6,571.807397696133,1,0.487481578087407,278.745572590964,278.745572590964,0.418097770881735,0.4,77.9824322654671,1.5
"113",113,0,49.999929782297,0,10.8501371720617,542.506096731374,0,0.0318065467362669,0.4,13.9050914441981,1.6
"114",114,1,155.647943406203,0.0230261209319483,7.04537360911629,1096.59791278729,25.2503961535622,0.0515111766993434,0.4,45.0767393224579,1.6
"115",115,2,254.006424036323,0.10367783456066,4.48554497651372,1139.35723933834,118.126091365611,0.13427568491841,0.4,117.210634128372,1.6
"116",116,3,345.578337033242,0.577987040521071,2.62894944058641,908.507975822323,525.105836235333,0.33963362542095,0.4,214.197978287656,1.6
"117",117,4,430.831944004347,1,1.25476799219628,540.594133352356,540.594133352356,0.392240453748252,0.4,143.605600266872,1.6
"118",118,5,510.203197303688,1,0.568195479720896,289.895150447104,289.895150447104,0.445970955607184,0.4,85.3965561472002,1.6
"119",119,6,584.097969315426,1,0.42713780162037,249.490322544313,249.490322544313,0.445970955607184,0.4,73.4942074901184,1.6
"120",120,0,49.999929782297,0,10.5997750862322,529.988010019752,0,0.0337944559072836,0.4,14.4189919779684,1.7
"121",121,1,157.974509547498,0.0231469970435605,6.86913594897955,1085.14838255513,25.1179264028281,0.0547306252430523,0.4,47.3184204939491,1.7
"122",122,2,258.499027217915,0.108651051845652,4.35928346716801,1126.87053563007,122.435668990081,0.142667915225811,0.4,122.667568233145,1.7
"123",123,3,352.08752438868,0.596726366111899,2.53359637694063,892.047676157157,532.308368191824,0.360860727009759,0.4,221.239538742986,1.7
"124",124,4,439.218574660408,1,1.18385854740436,519.972663790484,519.972663790484,0.416755482107518,0.4,145.092189679701,1.7
"125",125,5,520.337730870406,1,0.523103246224861,272.190356151588,272.190356151588,0.473844140332633,0.4,84.1028675335661,1.7
"126",126,6,595.859803469104,1,0.374687843123681,223.261424565939,223.261424565939,0.473844140332633,0.4,68.9845381780066,1.7
"127",127,0,49.999929782297,0,10.3562833907979,517.813442345464,0,0.0357823650783003,0.4,14.9017266817627,1.8
"128",128,1,160.203508301086,0.023265000371788,6.69801397843438,1073.0453379949,24.9644001873968,0.0579500737867613,0.4,49.4641143465264,1.8
"129",129,2,262.803227607664,0.113728583173889,4.23702337091205,1113.50341732479,126.637166011632,0.151060145533212,0.4,127.818321724764,1.8
"130",130,3,358.323741036306,0.614925674628221,2.44195962508187,875.01210831895,538.067411015892,0.382087828598569,0.4,227.503269681989,1.8
"131",131,4,447.253501734847,1,1.1170742755086,499.615381419138,499.615381419138,0.441270510466784,0.4,145.941566990372,1.8
"132",132,5,530.047260415885,1,0.481640402120966,255.292175649823,255.292175649823,0.501717325058082,0.4,82.458738544511,1.8
"133",133,6,607.128390767407,1,0.329027400016164,199.761875890197,199.761875890197,0.501717325058082,0.4,64.5225896691216,1.8
"134",134,0,49.999929782297,0,10.1194896758002,505.973773222692,0,0.037770274249317,0.4,15.3547712858552,1.9
"135",135,1,162.340786915652,0.0233801776879726,6.53186796308034,1060.3885851556,24.7920735392357,0.0611695223304703,0.4,51.5141039679156,1.9
"136",136,2,266.930316252735,0.118903021775151,4.1186417583942,1099.39034709988,130.720834380608,0.159452375840612,0.4,132.665915566622,1.9
"137",137,3,364.303346208946,0.632557337387543,2.35389419958046,857.531533528992,542.437863574956,0.403314930187378,0.4,233.021654717987,1.9
"138",138,4,454.957802949976,1,1.05417253554725,479.604020702781,479.604020702781,0.465785538826049,0.4,146.212584647156,1.9
"139",139,5,539.35725658418,1,0.44351244970494,239.211658133786,239.211658133786,0.529590509783531,0.4,80.5244774385061,1.9
"140",140,6,617.933291672019,1,0.289221182169165,178.719397119065,178.719397119065,0.529590509783531,0.4,60.1613072431814,1.9
"141",141,0,49.999929782297,0,9.88903055747302,494.45083348864,0,0.0397581834203336,0.4,15.779236070733,2
"142",142,1,164.393000041858,0.0234926682125425,6.37043613905344,1047.25510847407,24.6028167972715,0.0643889708741792,0.4,53.4685255671443,2
"143",143,2,270.893143294897,0.124170715099464,4.00394035118429,1084.63998729759,134.680522848214,0.167844606148013,0.4,137.213479549808,2
"144",144,3,370.044958061139,0.649610341778854,2.26921591036346,839.711906382116,545.485538500659,0.424542031776187,0.4,237.826678916388,2
"145",145,4,462.355466490044,1,0.994905348097346,459.999926332988,459.999926332988,0.490300567185315,0.4,145.960469211025,2
"146",146,5,548.29670706635,1,0.408440822280679,223.946757887969,223.946757887969,0.55746369450898,0.4,78.3537471737401,2
"147",147,6,628.308148423353,1,0.254467451493186,159.883973281693,159.883973281693,0.55746369450898,0.4,55.939673062442,2
"148",148,0,49.999929782297,0,9.66469141765958,483.233892250547,0,0.0417460925913503,0.4,16.1763601965921,2.1
"149",149,1,166.365287509045,0.0236025438115198,6.21355435270132,1033.71975634023,24.3984158378539,0.0676084194178882,0.4,55.3281859686419,2.1
"150",150,2,274.701633753357,0.12952539879183,3.89278434816626,1069.35422029077,138.508531832888,0.176236836455413,0.4,141.465953318754,2.1
"151",151,3,375.56295663201,0.666070777204554,2.18778110441729,821.649540038602,547.276747723276,0.445769133364997,0.4,241.95244753899,2.1
"152",152,4,469.46502002531,1,0.93905493524683,440.853443980519,440.853443980519,0.514815595544581,0.4,145.238472227967,2.1
"153",153,5,556.888000984302,1,0.376176476601754,209.488166072069,209.488166072069,0.585336879234429,0.4,75.994908088092,2.1
"154",154,6,638.278945161379,1,0.224086083880028,143.029429244289,143.029429244289,0.585336879234429,0.4,51.8860255121648,2.1
"155",155,0,49.999929782297,0,9.44606710751988,472.302692094859,0,0.043734001762367,0.4,16.5469759311486,2.2
"156",156,1,168.263703779507,0.0237099692166275,6.06093739655224,1019.8357747196,24.1802748246172,0.0708278679615972,0.4,57.0934403154102,2.2
"157",157,2,278.367478805119,0.134965171998148,3.78496487221121,1053.61112884337,142.200807223509,0.184629066762814,0.4,145.427487407362,2.2
"158",158,3,380.874280889557,0.681940218948602,2.10940842165607,803.41941570063,547.884012250445,0.466996234953806,0.4,245.43082245739,2.2
"159",159,4,476.308288226126,1,0.886398464161936,422.198935151239,422.198935151239,0.539330623903847,0.4,144.095382803807,2.2
"160",160,5,565.157511605604,1,0.346483763663601,195.817901683865,195.817901683865,0.613210063959878,0.4,73.4901491349096,2.2
"161",161,6,647.876289905417,1,0.197490931109169,127.949691736975,127.949691736975,0.613210063959878,0.4,48.0193171648658,2.2
"162",162,0,49.999929782297,0,9.23293467043833,461.646085206452,0,0.0457219109333837,0.4,16.8921167835602,2.3
"163",163,1,170.09267935234,0.0238150253706957,5.912418894979,1005.65917130038,23.9497986787913,0.0740473165053061,0.4,58.7653449351164,2.3
"164",164,2,281.899233751485,0.140484763151584,3.68034949694621,1037.4877031268,145.75121424645,0.193021297070215,0.4,149.103978516532,2.3
"165",165,3,385.991326332961,0.697214600990259,2.03396364251587,785.092324087722,547.377831479336,0.488223336542615,0.4,248.295465309407,2.3
"166",166,4,482.901241822437,1,0.836744163643426,404.064795711087,404.064795711087,0.563845652263112,0.4,142.578043104387,2.3
"167",167,5,573.124538206131,1,0.31915367058813,182.914800072614,182.914800072614,0.641083248685327,0.4,70.8772216965084,2.3
"168",168,6,657.122580813276,1,0.17418357172084,114.459958184473,114.459958184473,0.641083248685327,0.4,44.3518175040698,2.3
"169",169,0,49.999929782297,0,9.02498067232376,451.248399902775,0,0.0477098201044004,0.4,17.2125688593465,2.4
"170",170,1,171.85695723418,0.0239178385375297,5.76777587463382,991.232411823281,23.7081367791554,0.0772667650490151,0.4,60.3446942509294,2.4
"171",171,2,285.306057346347,0.146081341686429,3.57877218854165,1021.04538325357,149.155679508416,0.201413527377615,0.4,152.500840378524,2.4
"172",172,3,390.927362784332,0.71189876805048,1.96129751195429,766.724863983763,545.830486103713,0.509450438131425,0.4,250.578177381636,2.4
"173",173,4,489.260978047868,1,0.789903740813474,386.46907679407,386.46907679407,0.588360680622378,0.4,140.729371770925,2.4
"174",174,5,580.809741346146,1,0.293991369170011,170.753051085633,170.753051085633,0.668956433410776,0.4,68.1888259584037,2.4
"175",175,6,666.041795908386,1,0.153733943706437,102.393231958314,102.393231958314,0.668956433410776,0.4,40.889894669129,2.4
"176",176,0,49.999929782297,0,8.82192410905943,441.095585997725,0,0.049697729275417,0.4,17.5090800954562,2.5
"177",177,1,173.560780346704,0.0240185218142755,5.62680772562741,976.593139720754,23.4563236300547,0.080486213592724,0.4,61.8324034411997,2.5
"178",178,2,288.596142678687,0.151751903422104,3.480082694576,1004.33844185748,152.410270231864,0.209805757685016,0.4,155.623829887028,2.5
"179",179,3,395.694260945142,0.725999241361214,1.89127328617374,748.365985217807,543.313137528665,0.530677539720234,0.4,252.310218576662,2.5
"180",180,4,495.402791467383,1,0.745703477461034,369.423584341131,369.423584341131,0.612875708981644,0.4,138.589306256498,2.5
"181",181,5,588.231603213356,1,0.270819440853097,159.304553874362,159.304553874362,0.696829618136225,0.4,65.4534726950301,2.5
"182",182,6,674.655385060659,1,0.135772453341268,91.5996167895834,91.5996167895834,0.696829618136225,0.4,37.6355406709885,2.5
"183",183,0,49.999929782297,0,8.62349727723578,431.174258339618,0,0.0516856384464337,0.4,17.782333857377,2.6
"184",184,1,175.20805819078,0.0241171840078882,5.4893238111354,961.773765729444,23.1952748820565,0.083705662136433,0.4,63.2294195210637,2.6
"185",185,2,291.777039001343,0.157493666893345,3.3841386679421,987.413960102096,155.511445318158,0.218197987992417,0.4,158.478814516175,2.6
"186",186,3,400.302958683511,0.739524847226857,1.82376205426393,730.057346256569,539.895547457234,0.551904641309043,0.4,253.521928279546,2.6
"187",187,4,501.340774755701,1,0.703981493456978,352.934627343397,352.934627343397,0.63739073734091,0.4,136.194759550853,2.6
"188",188,5,595.407153612799,1,0.249475653874351,148.539588969019,148.539588969019,0.724702802861674,0.4,62.6958078403808,2.6
"189",189,6,682.983112548459,1,0.119980506664845,81.9446598870972,81.9446598870972,0.724702802861674,0.4,34.5873223797485,2.6
"190",190,0,49.999929782297,0,8.42948825789876,421.473820995635,0,0.0536735476174504,0.4,18.0330454062024,2.7
"191",191,1,176.802111466499,0.0242139089351186,5.35517036549327,946.805427882033,22.9258604100115,0.086925110680142,0.4,64.5369249480807,2.7
"192",192,2,294.855158591848,0.163302919981587,3.29082208359737,970.315867356657,158.455414443808,0.226590218299817,0.4,161.072218995769,2.7
"193",193,3,404.762746540835,0.752484202993923,1.75865126523045,711.836516322191,535.645733646674,0.573131742897853,0.4,254.243412846712,2.7
"194",194,4,507.086898122777,1,0.664590276216778,337.005021689326,337.005021689326,0.661905765700175,0.4,133.580146614304,2.7
"195",195,5,602.35085753042,1,0.229812775779937,138.427922562491,138.427922562491,0.752575987587123,0.4,59.937170812673,2.7
"196",196,6,691.041765998432,1,0.106083484777177,73.3081186636882,73.3081186636882,0.752575987587123,0.4,31.7412928617608,2.7
"197",197,0,49.999929782297,0,8.23957773537776,411.978308204665,0,0.0556614567884671,0.4,18.2616221519483,2.8
"198",198,1,178.346792984582,0.0243088339736197,5.22412667381442,931.706238420012,22.6486922619378,0.0901445592238509,0.4,65.75549022324,2.8
"199",199,2,297.837941234263,0.169179313768724,3.19997526756339,953.074045691641,161.240413020893,0.234982448607218,0.4,163.4090488889,2.8
"200",200,3,409.084403779467,0.764893565727822,1.6958102195904,693.729512604266,530.629240546501,0.594358844486662,0.4,254.501533737504,2.8
"201",201,4,512.655049890941,1,0.627382916771189,321.631020498058,321.631020498058,0.686420794059441,0.4,130.775991574828,2.8
"202",202,5,609.079497828685,1,0.211692822343711,128.937757927044,128.937757927044,0.780449172312572,0.4,57.1952673997961,2.8
"203",203,6,698.850823094838,1,0.0938422800354749,65.5817546438879,65.5817546438879,0.780449172312572,0.4,29.0912922150187,2.8
"204",204,0,49.999929782297,0,8.0535845027172,402.678659631655,0,0.0576493659594838,0.4,18.4686857001465,2.9
"205",205,1,179.844860253541,0.0244020315034458,5.09606109087847,916.500394732545,22.364471505184,0.0933640077675599,0.4,66.8863095356378,2.9
"206",206,2,300.730711682225,0.175119375238722,3.11149680576465,935.722648794571,163.863165653627,0.243374678914619,0.4,165.495730051987,2.9
"207",207,3,413.275645262625,0.7767641280842,1.63514129491211,675.764073750366,524.90929153733,0.615585946075472,0.4,254.324290652643,2.9
"208",208,4,518.055170119504,1,0.592232060657676,306.808880934236,306.808880934236,0.710935822418707,0.4,127.811377556313,2.9
"209",209,5,615.605086228257,1,0.194992818564215,120.038570886115,120.038570886115,0.808322357038021,0.4,54.4855350862188,2.9
"210",210,6,706.424224278586,1,0.0830511762198383,58.6693627365234,58.6693627365234,0.808322357038021,0.4,26.6300373144205,2.9
"211",211,0,49.999929782297,0,7.87130217187082,393.564555888783,0,0.0596372751305005,0.4,18.6547383561761,3
"212",212,1,181.299093779648,0.024493587423386,4.97082704557194,901.20643869756,22.073778692757,0.0965834563112688,0.4,67.9303872858265,3
"213",213,2,303.538839098079,0.181120721365226,3.02527736295574,918.289178701283,166.321198468257,0.251766909222019,0.4,167.33821880358,3
"214",214,3,417.34425019587,0.788110032776888,1.57654519620359,657.962072809488,518.546510767835,0.636813047664281,0.4,253.737937384566,3
"215",215,4,523.297281768363,1,0.55901600241658,292.531554529613,292.531554529613,0.735450850777973,0.4,124.712592134253,3
"216",216,5,621.939734628143,1,0.179599118698241,111.699828222633,111.699828222633,0.83619554176347,0.4,51.8207679781605,3
"217",217,6,713.776026254555,1,0.0735311069423416,52.4847413194032,52.4847413194032,0.83619554176347,0.4,24.3491833925263,3
"218",218,0,49.999929782297,0,7.69253942164571,384.626430929837,0,0.0616251843015171,0.4,18.8202522402631,3.1
"219",219,1,182.712042970719,0.0245835816164435,4.8482885606662,885.840707830888,21.7771373401287,0.0998029048549778,0.4,68.888737014304,3.1
"220",220,2,306.267246392659,0.187180978148481,2.94121530131024,900.797911380243,168.612234166263,0.26015913952942,0.4,168.942451917869,3.1
"221",221,3,421.297351225388,0.798946081447195,1.51992915345195,640.342126399552,511.598832672487,0.65804014925309,0.4,252.767705202459,3.1
"222",222,4,528.390574751082,1,0.527621332927832,278.790139356669,278.790139356669,0.759965879137238,0.4,121.503657352799,3.1
"223",223,5,628.094548261338,1,0.165407640366847,103.891637155189,103.891637155189,0.864068726488919,0.4,49.2115686393483,3.1
"224",224,6,720.91911742139,1,0.0651263826296686,46.9508542862285,46.9508542862285,0.864068726488919,0.4,22.2397610784727,3.1
"225",225,0,49.999929782297,0,7.51711730148284,375.855337239432,0,0.0636130934725338,0.4,18.9656685697235,3.2
"226",226,1,184.086058807168,0.0246720891235426,4.72831845724041,870.417509578575,21.4750183710146,0.103022353398687,0.4,69.7623676763587,3.2
"227",227,2,308.920473313151,0.19329782075872,2.85921548148368,883.270199844228,170.734204771008,0.26855136983682,0.4,170.314307647682,3.2
"228",228,3,425.141525843956,0.809287647364328,1.46520609270956,622.919953930401,504.12142401263,0.6792672508419,0.4,251.437776170921,3.2
"229",229,4,533.343523705055,1,0.497942166289761,265.574229570309,265.574229570309,0.784480907496504,0.4,118.206459192575,3.2
"230",230,5,634.079768010106,1,0.152322964144508,96.5849097673614,96.5849097673614,0.891941911214368,0.4,46.6665955502061,3.2
"231",231,6,727.86538303834,1,0.0577014155823035,41.9988629546678,41.9988629546678,0.891941911214368,0.4,20.2924448114599,3.2
"232",232,0,49.999929782297,0,7.34488426831233,367.243697674714,0,0.0656010026435505,0.4,19.0914417648031,3.3
"233",233,1,185.42320868468,0.0247591726552881,4.61080771196996,854.950760581536,21.1678734930082,0.106241801942396,0.4,70.552393554623,3.3
"234",234,2,311.502512004144,0.199468458961822,2.77919480813821,865.726164083926,172.68506383275,0.276943600144221,0.4,171.459853264841,3.3
"235",235,3,428.882558140671,0.819149835610422,1.41229727024153,605.709666116273,496.166973426788,0.700494352430709,0.4,249.771668943127,3.3
"236",236,4,538.163581022767,1,0.469880578817669,252.872614949567,252.872614949567,0.80899593585577,0.4,114.841058933277,3.3
"237",237,5,639.904399460229,1,0.140257867479588,89.7516264590984,89.7516264590984,0.919815095939817,0.4,44.1928592152362,3.3
"238",238,6,734.625274716792,1,0.0511380649722661,37.5673150287362,37.5673150287362,0.919815095939817,0.4,18.4977936295779,3.3
"239",239,0,49.999929782297,0,7.17563694509784,358.781343398148,0,0.0675889118145672,0.4,19.1978381601974,3.4
"240",240,1,186.725804313935,0.0248449213094089,4.49561563601622,839.447445521431,20.8560057273643,0.109461250486105,0.4,71.2594732629363,3.4
"241",241,2,314.017826382897,0.205692136181863,2.70105211205821,848.178513175451,174.463650238615,0.285335830451622,0.4,172.38404823249,3.4
"242",242,3,432.526915740785,0.828550723054398,1.3611167980286,588.719650614284,487.784092192798,0.721721454019518,0.4,247.790425477354,3.4
"243",243,4,542.859079785025,1,0.443341060791199,240.671720292027,240.671720292027,0.833510964215036,0.4,111.424997729967,3.4
"244",244,5,645.578512434812,1,0.129131129850898,83.3642827181695,83.3642827181695,0.947688280665266,0.4,41.7956136231973,3.4
"245",245,6,741.210479189885,1,0.0453327327255112,33.6010965464631,33.6010965464631,0.947688280665266,0.4,16.8462847970457,3.4
"246",246,0,49.999929782297,0,7.00931812968792,350.465414306177,0,0.0695768209855839,0.4,19.2854613542438,3.5
"247",247,1,187.995122991495,0.0249293533625401,4.38269400192611,823.925097926186,20.5399199104673,0.112680699029814,0.4,71.8852520789422,3.5
"248",248,2,316.468882911248,0.211963702083034,2.62474278667501,830.649417628395,176.067525693631,0.293728060759022,0.4,173.094060972379,3.5
"249",249,3,436.078172221031,0.837502788565814,1.31160928414978,571.964179300169,479.021595123649,0.742948555608328,0.4,245.517345134395,3.5
"250",250,4,547.434624294415,1,0.418242566911127,228.960462480924,228.960462480924,0.858025992574301,0.4,107.975547143095,3.5
"251",251,5,651.107670843965,1,0.118870608171623,77.397564818431,77.397564818431,0.975561465390715,0.4,39.4793458201363,3.5
"252",252,6,747.627453763973,1,0.0401956815880241,30.0513950779619,30.0513950779619,0.975561465390715,0.4,15.3287693410462,3.5
"253",253,0,49.999929782297,0,6.84575951662759,342.287495137871,0,0.0715647301566005,0.4,19.3545805641112,3.6
"254",254,1,189.233091046469,0.0250125423441391,4.2719255828456,808.389682762361,20.2198811706588,0.115900147573523,0.4,72.4305037351428,3.6
"255",255,2,318.859401333987,0.218281881753756,2.55018150275105,813.149347260208,177.495769666797,0.302120291066423,0.4,173.594987143535,3.6
"256",256,3,439.541716999255,0.846023742206398,1.2637004010199,555.449044036933,469.923078841092,0.764175657197137,0.4,242.97194336236,3.6
"257",257,4,551.89715843724,1,0.394501863866762,217.724457666261,217.724457666261,0.882541020933567,0.4,104.507097687154,3.6
"258",258,5,656.500265786775,1,0.109407872049047,71.826297079365,71.826297079365,1.00343465011616,0.4,37.2469099667368,3.6
"259",259,6,753.885936895706,1,0.0356475887318992,26.8742158292207,26.8742158292207,1.00343465011616,0.4,13.9361423060915,3.6
"260",260,0,49.999929782297,0,6.6848496336899,334.242012289709,0,0.0735526393276172,0.4,19.4055761846833,3.7
"261",261,1,190.44119856718,0.0250945345965691,4.16322942787784,792.850402155213,19.8962118467877,0.119119596117232,0.4,72.8963547985675,3.7
"262",262,2,321.192259014205,0.224643824566157,2.47730551036602,795.691353142801,178.747148744219,0.310512521373824,0.4,173.892665767234,3.7
"263",263,3,442.921718993717,0.854129266935508,1.21732881256396,539.181370241408,460.530588509577,0.785402758785946,0.4,240.173974968129,3.7
"264",264,4,556.252053571826,1,0.372043759562689,206.950105275328,206.950105275328,0.907056049292833,0.4,101.033073916687,3.7
"265",265,5,661.762788095314,1,0.100680831723733,66.6268279092528,66.6268279092528,1.03130783484161,0.4,35.100358534667,3.7
"266",266,6,759.993461649123,1,0.0316191977167435,24.0303835273159,24.0303835273159,1.03130783484161,0.4,12.6596913586097,3.7
"267",267,0,49.999929782297,0,6.52646912972513,326.322998212585,0,0.0755405484986339,0.4,19.4387687725047,3.8
"268",268,1,191.620925829544,0.0251753810000971,4.05652028455726,777.314172573188,19.5691804513052,0.122339044660941,0.4,73.283801353412,3.8
"269",269,2,323.470314367214,0.231047216837567,2.40605021647293,778.285819905802,179.820772593379,0.318904751681224,0.4,173.992566720215,3.8
"270",270,3,446.222319669858,0.861835600249182,1.17243377399014,523.166118289166,450.883185585778,0.806629860374756,0.4,237.141906848588,3.8
"271",271,4,560.504645685464,1,0.350796806020819,196.623239466292,196.623239466292,0.931571077652099,0.4,97.5653575663688,3.8
"272",272,5,666.901685858754,1,0.0926321318757127,61.7765249126032,61.7765249126032,1.05918101956706,0.4,33.0408237261715,3.8
"273",273,6,765.957511482139,1,0.028049650209632,21.4848402725142,21.4848402725142,1.05918101956706,0.4,11.4910448788334,3.8
"274",274,0,49.999929782297,0,6.37052622463333,318.525863907948,0,0.0775284576696506,0.4,19.4545245103846,3.9
"275",275,1,192.77352173929,0.0252551193979535,3.95173063473209,761.789031422346,19.2390729446227,0.125558493204649,0.4,73.5940108016474,3.9
"276",276,2,325.695979032107,0.237489014646305,2.33636224862833,760.943789940658,180.715790874232,0.327296981988625,0.4,173.900479024404,3.9
"277",277,3,449.44701317351,0.869158083001434,1.12896145431085,507.408353628034,441.018071938256,0.827856961963565,0.4,233.893885391186,3.9
"278",278,4,564.659436739609,1,0.330694986683051,186.730044913064,186.730044913064,0.956086106011365,0.4,94.1147839768486,3.9
"279",279,5,671.922399316608,1,0.0852092805161303,57.2540242084401,57.2540242084401,1.08705420429251,0.4,31.0687750278238,3.9
"280",280,6,771.784400172739,1,0.0248855683910007,19.2062934736061,19.2062934736061,1.08705420429251,0.4,10.4222544930189,3.9
"281",281,0,49.999929782297,0,6.2169292494675,310.846025934883,0,0.0795163668406673,0.4,19.4531798418225,4
"282",282,1,193.900185693568,0.0253337880919239,3.848793521729,746.281778559455,18.9061444348893,0.128777941748358,0.4,73.828101039523,4
"283",283,2,327.871569046821,0.243966377914194,2.26818916043831,743.674738927901,181.431632402524,0.335689212296026,0.4,173.62200384176,4
"284",284,3,452.599155137087,0.876112150548329,1.08685974911881,491.911804203682,430.969908660996,0.849084063552375,0.4,230.447072215517,4
"285",285,4,568.720750230901,1,0.311675876232984,177.256538160096,177.256538160096,0.98060113437063,0.4,90.6909457671747,4
"286",286,5,676.83015304876,1,0.0783638446042033,53.0390129369522,53.0390129369522,1.11492738901796,0.4,29.184023911028,4
"287",287,6,777.480191210841,1,0.022079977380199,17.1667450354881,17.1667450354881,1.11492738901796,0.4,9.4457771713388,4
"288",288,0,49.999929782297,0,6.06559347980354,303.279248078135,0,0.081504276011684,0.4,19.4350635530004,4.1
"289",289,1,195.002028315071,0.0254114224203769,3.74764676931342,730.798721424539,18.5706350143903,0.131997390292067,0.4,73.9872009870378,4.1
"290",290,2,329.999229025669,0.250476415857689,2.20148190003548,726.487329725674,181.96794251571,0.344081442603426,0.4,173.162691759412,4.1
"291",291,3,455.681852822859,0.882712996127036,1.04607941144607,476.67940440759,420.771105256675,0.870311165141184,0.4,226.817861128959,4.1
"292",292,4,572.6925896485,1,0.293680780184832,168.188806534043,168.188806534043,1.0051161627299,0.4,87.30236333069,4.1
"293",293,5,681.629784933131,1,0.0720512184183867,49.112256514695,49.112256514695,1.14280057374341,0.4,27.3858476417439,4.1
"294",294,6,783.050499291724,1,0.0195915286265866,15.3411562729368,15.3411562729368,1.14280057374341,0.4,8.55449531652292,4.1
"295",295,0,49.999929782297,0,5.91644044088342,295.821606605313,0,0.0834921851827006,0.4,19.4004972405872,4.2
"296",296,1,196.080080101655,0.025488055055809,3.64823250825288,715.345722447685,18.2327711576841,0.135216838835776,0.4,74.0724493219195,4.2
"297",297,2,332.080948861768,0.257016195086781,2.1361944832423,709.389490948379,182.324587798101,0.352473672910827,0.4,172.528038806119,4.2
"298",298,3,458.697989322567,0.888975537505437,1.0065738074907,461.713381600745,410.451901581975,0.891538266729993,0.4,223.021900636961,4.2
"299",299,4,576.578669653583,1,0.276654464380616,159.5130630263,159.5130630263,1.02963119108916,0.4,83.9565671549528,4.2
"300",300,5,686.32578382346,1,0.066230303527187,45.4555649811623,45.4555649811623,1.17067375846886,0.4,25.6730732133924,4.2
"301",301,6,788.500534043722,1,0.0173837936753288,13.7071305967026,13.7071305967026,1.17067375846886,0.4,7.74171803827573,4.2
"302",302,0,49.999929782297,0,5.76939727258513,288.469458515432,0,0.0854800943537173,0.4,19.3497956523384,4.3
"303",303,1,197.135299208376,0.0255637162786918,3.55049674506645,699.928238177037,17.8927668962024,0.138436287379485,0.4,74.0849930491571,4.3
"304",304,2,334.118578754161,0.26358274836324,2.07228369716653,692.388483672698,182.501659461506,0.360865903218228,0.4,171.723482345284,4.3
"305",305,3,461.650245329723,0.894914387745528,0.968298696333038,447.015330714598,400.040450999319,0.912765368318803,0.4,219.074115883447,4.3
"306",306,4,580.382444131432,1,0.260544909058134,151.215691125161,151.215691125161,1.05414621944843,0.4,80.660174821712,4.3
"307",307,5,690.922323447884,1,0.0608632182422593,42.0517561604574,42.0517561604574,1.19854694319431,0.4,24.0441516794179,4.3
"308",308,6,793.835139369893,1,0.01542465198366,12.2446307571808,12.2446307571808,1.19854694319431,0.4,7.00117631379606,4.3
"309",309,0,49.999929782297,0,5.6243961584809,281.219412991866,0,0.087468003524734,0.4,19.283266948598,4.4
"310",310,1,198.168578397426,0.0256384342247248,3.45438897502906,684.551352413249,17.5508248222935,0.141655735923194,0.4,74.0259860126358,4.4
"311",311,2,336.113842628162,0.270173083507105,2.00970883481453,675.490959033278,182.499475283193,0.369258133525628,0.4,170.754397069549,4.4
"312",312,3,464.541118583925,0.900543829503825,0.931212032817036,432.586279363637,389.562904608941,0.933992469907612,0.4,214.988730300627,4.4
"313",313,4,584.10713124406,1,0.245303085295173,143.28328143708,143.28328143708,1.07866124780769,0.4,77.4189630882358,4.4
"314",314,5,695.423292682909,1,0.0559150335790829,38.8846167620412,38.8846167620412,1.22642012791976,0.4,22.4972238679401,4.4
"315",315,6,799.058828583082,1,0.0136857594062397,10.9357268794198,10.9357268794198,1.22642012791976,0.4,6.32701351463808,4.4
"316",316,0,49.999929782297,0,5.48135587763642,274.067408993602,0,0.0894559126957507,0.4,19.2011500717518,4.5
"317",317,1,199.180862915107,0.0257122441065702,3.35985084152519,669.217989881036,17.2070963163294,0.144875184466903,0.4,73.8963869997012,4.5
"318",318,2,338.068565755991,0.276784937689586,1.94842508224464,658.701273037444,182.31859081372,0.377650363833029,0.4,169.625644283395,4.5
"319",319,3,467.373253663021,0.905878309247738,0.895270861707877,418.425655546107,379.042725391984,0.955219571496421,0.4,210.778738186841,4.5
"320",320,4,587.756138344247,1,0.230881995907756,135.702310327955,135.702310327955,1.10317627616696,0.4,74.2377432548497,4.5
"321",321,5,699.83280902608,1,0.0513533649335468,35.9387696343855,35.9387696343855,1.25429331264521,0.4,21.0301241419095,4.5
"322",322,6,804.176380326819,1,0.0121420462503433,9.76434680336189,9.76434680336189,1.25429331264521,0.4,5.71375780329685,4.5
"323",323,0,49.999929782297,0,5.34020941436374,267.010095740948,0,0.0914438218667674,0.4,19.1037086400043,4.6
"324",324,1,200.172979971138,0.0257851743838678,3.26683310594313,653.931717885006,16.8617433808071,0.148094633010612,0.4,73.6972505475641,4.6
"325",325,2,339.984345481022,0.283415664418578,1.88839339780404,642.024193363091,181.959713334802,0.38604259414043,0.4,168.342225768654,4.6
"326",326,3,470.148964906132,0.91093154399659,0.860435880242834,404.533038464265,368.501905325884,0.976446673085231,0.4,206.456757596303,4.6
"327",327,4,591.332447295378,1,0.21723776072087,128.45973669204,128.45973669204,1.12769130452622,0.4,71.1207298125226,4.6
"328",328,5,704.154475807006,1,0.0471484493397762,33.1997916299633,33.1997916299633,1.28216649737065,0.4,19.6405222136366,4.6
"329",329,6,809.191976516823,1,0.0107713890978659,8.71612163393388,8.71612163393388,1.28216649737065,0.4,5.15633298172679,4.6
"330",330,0,49.999929782297,0,5.20095853506764,260.04756155402,0,0.0934317310377841,0.4,18.9914356321377,4.7
"331",331,1,201.145304775979,0.0258572192141684,3.17532887999029,638.702495329617,16.5150704343743,0.151314081554321,0.4,73.4303949899238,4.7
"332",332,2,341.861906335294,0.290059839548809,1.82959957177912,625.470397438648,181.423843123584,0.39443482444783,0.4,166.910759443188,4.7
"333",333,3,472.869302064278,0.915715095276468,0.82667992131327,390.911557421958,357.963614049321,0.99767377467404,0.4,202.036806053084,4.7
"334",334,4,594.837410627901,1,0.204331527497856,121.544036726469,121.544036726469,1.15220633288549,0.4,68.0721759056243,4.7
"335",335,5,708.389927444297,1,0.0432733718341687,30.6544207338769,30.6544207338769,1.3100396820961,0.4,18.3261182804997,4.7
"336",336,6,814.107514010067,1,0.00955434833678499,7.77826677244625,7.77826677244625,1.3100396820961,0.4,4.65007765524666,4.7
"337",337,0,49.999929782297,0,5.0635216847684,253.175728689558,0,0.0954196402088007,0.4,18.8645122850628,4.8
"338",338,1,202.098706892196,0.0259284148586483,3.08528052804009,623.531205116574,16.1671757635755,0.15453353009803,0.4,73.0966612352031,4.8
"339",339,2,343.702927445603,0.296715671035425,1.7720003612336,609.041711590655,180.712220143185,0.402827054755231,0.4,165.335607285793,4.8
"340",340,3,475.536697969934,0.92024258447609,0.793963333147807,377.558701754311,347.445595493824,1.01890087626285,0.4,197.52961860502,4.8
"341",341,4,598.274162875558,1,0.192123117596253,114.942297348941,114.942297348941,1.17672136124476,0.4,65.0948127731335,4.8
"342",342,5,712.542951756772,1,0.0397025351270382,28.2897615716468,28.2897615716468,1.33791286682155,0.4,17.0842363074877,4.8
"343",343,6,818.927388834887,1,0.0084735533389233,6.93922490999759,6.93922490999759,1.33791286682155,0.4,4.19061001461465,4.8
"344",344,0,49.999929782297,0,4.92781577054615,246.390442507403,0,0.0974075493798174,0.4,18.7230880443291,4.9
"345",345,1,203.034040838515,0.0259987987140585,2.99662990412588,608.417878332208,15.8181339527936,0.157752978641739,0.4,72.6967924027656,4.9
"346",346,2,345.509058889063,0.303381667060605,1.71555271807508,592.739005096696,179.82614749808,0.411219285062631,0.4,163.620848517856,4.9
"347",347,3,478.15354336643,0.924527212415229,0.762247500844297,364.471343450906,336.9636751659,1.04012797785166,0.4,192.94514006204,4.9
"348",348,4,601.645784343188,1,0.180574480923138,108.641875207365,108.641875207365,1.20123638960402,0.4,62.1907910656619,4.9
"349",349,5,716.61727103221,1,0.0364123112914529,26.0936911496563,26.0936911496563,1.365786051547,0.4,15.9121162829868,4.9
"350",350,6,823.655920966272,1,0.00751363278527805,6.18864813156057,6.18864813156057,1.365786051547,0.4,3.77388113238161,4.9
"351",351,0,49.999929782297,0,4.79381216938858,239.69027185895,0,0.0993954585508341,0.4,18.5674970534446,5
"352",352,1,203.951804529096,0.0260683809734265,2.90935235018971,593.367661832158,15.468134265952,0.160972427185448,0.4,72.2321506548478,5
"353",353,2,347.281262138768,0.310054118818229,1.66023319124396,576.567878099878,178.767245383153,0.419611515370032,0.4,161.771853740907,5
"354",354,3,480.721231301012,0.928580402273397,0.731503373910678,351.649202607186,326.5345580161,1.06135507944047,0.4,188.294377415781,5
"355",355,4,604.954069874311,1,0.169651571322019,102.631408531828,102.631408531828,1.22575141796329,0.4,59.362308879362,5
"356",356,5,720.615054187145,1,0.0333812823884381,24.0550546171807,24.0550546171807,1.39365923627245,0.4,14.8070886223168,5
"357",357,6,828.29562758337,1,0.00666105669704496,5.51732413724727,5.51732413724727,1.39365923627245,0.4,3.39618881596382,5
"358",358,0,49.999929782297,0,4.66146916591717,233.073130978201,0,0.101383367721851,0.4,18.3980116710236,5.1
"359",359,1,204.852558420106,0.0261371786319223,2.82341544380342,578.383877145969,15.117322714788,0.164191875729157,0.4,71.7039140114664,5.1
"360",360,2,349.020619436528,0.316730008826562,1.6060141507377,560.5320537143,177.537322320501,0.428003745677433,0.4,159.793507883788,5.1
"361",361,3,483.241329798819,0.932413579507435,0.701700700087414,339.090779431004,316.172847427228,1.08258218102928,0.4,183.587297971375,5.1
"362",362,4,608.201039759167,1,0.159321596492685,96.8995606429416,96.8995606429416,1.25026644632255,0.4,56.6109478555747,5.1
"363",363,5,724.538742571397,1,0.030589546489634,22.1633115494287,22.1633115494287,1.4215324209979,0.4,13.7664104224355,5.1
"364",364,6,832.849342043189,1,0.00590380932267009,4.91698370993423,4.91698370993423,1.4215324209979,0.4,3.05411109889529,5.1
"365",365,0,49.999929782297,0,4.53072752185547,226.536057955494,0,0.103371276892867,0.4,18.214819897298,5.2
"366",366,1,205.736952364779,0.0262052177815948,2.73877639792704,563.467509318096,14.7657887945335,0.167411324272866,0.4,71.1129911066934,5.2
"367",367,2,350.728385650045,0.323407264080856,1.5528623825283,544.632916560835,176.138241473316,0.436395975984833,0.4,157.690033264295,5.2
"368",368,3,485.71565699705,0.936038186232949,0.672807481997386,326.793128150891,305.890846947752,1.10380928261809,0.4,178.832681884971,5.2
"369",369,4,611.389036539821,1,0.149552865643035,91.4349824372643,91.4349824372643,1.27478147468182,0.4,53.9376814442338,5.2
"370",370,5,728.391166948852,1,0.0280185971038119,20.4084986407153,20.4084986407153,1.44940560572335,0.4,12.7872847709252,5.2
"371",371,6,837.320349644961,1,0.00523121466277158,4.38020249049974,4.38020249049974,1.44940560572335,0.4,2.74448883214728,5.2
"372",372,0,49.999929782297,0,4.40157151678412,220.078266770965,0,0.105359186063884,0.4,18.0182688933949,5.3
"373",373,1,206.605354744765,0.0262725026514997,2.65541899021056,548.623782468438,14.4137197795778,0.170630772816575,0.4,70.4608394782633,5.3
"374",374,2,352.405272124915,0.330081948899255,1.50076005210509,528.875754556298,174.572339789507,0.444788206292234,0.4,155.466771951738,5.3
"375",375,3,488.145243541317,0.93946430586145,0.644799073216238,314.755600630356,295.701651862201,1.1250363842069,0.4,174.040163857678,5.3
"376",376,4,614.519388130743,1,0.140316750372486,86.2273635833944,86.2273635833944,1.29929650304109,0.4,51.3435288858682,5.3
"377",377,5,732.173931991796,1,0.0256515979166974,18.7814313085409,18.7814313085409,1.4772787904488,0.4,11.8670271582342,5.3
"378",378,6,841.710512722968,1,0.00463385264729238,3.90036248763516,3.90036248763516,1.4772787904488,0.4,2.46443983993253,5.3
"379",379,0,49.999929782297,0,4.27392740132676,213.696069960973,0,0.107347095234901,0.4,17.8084578713912,5.4
"380",380,1,207.458471705638,0.0263390671189129,2.57329216040675,533.851258850084,14.0611441383685,0.173850221360284,0.4,69.7480883299248,5.4
"381",381,2,354.052642429444,0.336752961474478,1.44966986911574,513.259447810773,172.841639055033,0.453180436599635,0.4,153.127195251416,5.4
"382",382,3,490.53206506161,0.942702891192157,0.617643046805991,302.973719220687,285.614201064583,1.14626348579571,0.4,169.216889404159,5.4
"383",383,4,617.594639992391,1,0.131584234176643,81.2657177349983,81.2657177349983,1.32381153140035,0.4,48.828580182171,5.4
"384",384,5,735.890113673824,1,0.0234726444988973,17.2732870285188,17.2732870285188,1.50515197517425,0.4,11.0028418331233,5.4
"385",385,6,846.023401159441,1,0.00410330151058742,3.47148909996984,3.47148909996984,1.50515197517425,0.4,2.21128992005495,5.4
"386",386,0,49.999929782297,0,4.14776211131836,207.38781431959,0,0.109335004405918,0.4,17.5856354623775,5.5
"387",387,1,208.29674747653,0.0264049246078893,2.49236967369889,519.152496540618,13.7081825311526,0.177069669903993,0.4,68.9758805177538,5.5
"388",388,2,355.671354370839,0.343417459926278,1.39956890499673,497.786567975499,170.948598759565,0.461572666907035,0.4,150.675820062101,5.5
"389",389,3,492.877364407031,0.945763601166318,0.591313820881652,291.4451975736,275.638259599837,1.16749058738451,0.4,164.370816971068,5.5
"390",390,4,620.61639344853,1,0.123329087276641,76.5400533529279,76.5400533529279,1.34832655975962,0.4,46.3930156966027,5.5
"391",391,5,739.541647059219,1,0.0214672759999719,15.8759446508941,15.8759446508941,1.5330251598997,0.4,10.1920682602626,5.5
"392",392,6,850.261260731654,1,0.00363212901294175,3.08825859368387,3.08825859368387,1.5330251598997,0.4,1.98260595412166,5.5
"393",393,0,49.999929782297,0,4.02303329965935,201.15138249481,0,0.111322913576934,0.4,17.3499991575639,5.6
"394",394,1,209.120669354162,0.0264700934368095,2.41261991013015,504.528690503595,13.3549215791813,0.180289118447702,0.4,68.1451929040575,5.6
"395",395,2,357.262348919903,0.350073176116478,1.35043145573246,482.458313930301,168.895714301381,0.469964897214436,0.4,148.116734770699,5.6
"396",396,3,495.182504919723,0.948655895511295,0.56578521082021,280.166937940485,265.782017404588,1.18871768897332,0.4,159.509082193883,5.6
"397",397,4,623.586405069737,1,0.115526140730333,72.0405307896089,72.0405307896089,1.37284158811888,0.4,44.036641036276,5.6
"398",398,5,743.130654814904,1,0.0196220756854042,14.5817659529221,14.5817659529221,1.56089834462514,0.4,9.43207496345443,5.6
"399",399,6,854.426554942851,1,0.00321372673860407,2.7458934657932,2.7458934657932,1.56089834462514,0.4,1.77615476031085,5.6
"400",400,0,49.999929782297,0,3.89969941188988,194.984696766559,0,0.113310822747951,0.4,17.1017361704168,5.7
"401",401,1,209.930707236099,0.0265345916975249,2.33401194936033,489.980779226721,13.0014399164161,0.183508566991411,0.4,67.2569731230446,5.7
"402",402,2,358.82653344963,0.356717947714301,1.3022324834337,467.275567776016,166.685581554095,0.478357127521837,0.4,145.453898323102,5.7
"403",403,3,497.448801263052,0.95138881713476,0.541031897848766,269.135669029943,256.05266580717,1.20994479056213,0.4,154.638355350926,5.7
"404",404,4,626.506368707411,1,0.108151546020773,67.7576323675669,67.7576323675669,1.39735661647815,0.4,41.7590179299277,5.7
"405",405,5,746.659183816978,1,0.0179246494708361,13.3836041440999,13.3836041440999,1.58877152935059,0.4,8.72029274127289,5.7
"406",406,6,858.521659335729,1,0.00284222637711308,2.4401129054869,2.4401129054869,1.58877152935059,0.4,1.58989302347113,5.7
"407",407,0,49.999929782297,0,3.77771020703862,188.885245089798,0,0.115298731918968,0.4,16.8409815321986,5.8
"408",408,1,210.727371064726,0.0265984420987884,2.25650990277118,475.508399592493,12.6477826340484,0.18672801553512,0.4,66.3119909613881,5.8
"409",409,2,360.364892659636,0.36335018833072,1.25494445582025,452.23792411547,164.32073489765,0.486749357829237,0.4,142.690827437416,5.8
"410",410,3,499.677680136424,0.953971159741614,0.517028104851949,258.347403997753,246.455972607972,1.23117189215094,0.4,149.764535422577,5.8
"411",411,4,629.378122563512,1,0.101182451968352,63.6820216562143,63.6820216562143,1.42187164483741,0.4,39.559405818419,5.8
"412",412,5,750.129455376986,1,0.016363507408323,12.2747489002626,12.2747489002626,1.61664471407604,0.4,8.05420471739475,5.8
"413",413,6,862.549151897505,1,0.00251240922458042,2.16707644588131,2.16707644588131,1.61664471407604,0.4,1.42194984803305,5.8
"414",414,0,49.999929782297,0,3.65706353929419,182.852920174108,0,0.117286641089984,0.4,16.5680722553483,5.9
"415",415,1,211.510872308285,0.0266616428921875,2.18010681352561,461.116293854036,12.2941179585053,0.189947464078829,0.4,65.3117315784156,5.9
"416",416,2,361.877834895455,0.369966054866462,1.20855618131733,437.349694244634,161.804540976741,0.495141588136638,0.4,139.832489558664,5.9
"417",417,3,501.869733178467,0.956410509956375,0.493755324224876,247.800852824186,236.999340017204,1.25239899373975,0.4,144.894739909574,5.9
"418",418,4,632.202428922854,1,0.0945984513728229,59.8053707302391,59.8053707302391,1.44638667319668,0.4,37.4373038789766,5.9
"419",419,5,753.542390651625,1,0.0149282356904394,11.2490584103846,11.2490584103846,1.64451789880149,0.4,7.43145679165383,5.9
"420",420,6,866.510101694876,1,0.00221966901578957,1.92336562460079,1.92336562460079,1.64451789880149,0.4,1.27063155086634,5.9
"421",421,0,49.999929782297,0,3.53768809578901,176.884156381119,0,0.119274550261001,0.4,16.2830250701407,6
"422",422,1,212.281825582072,0.0267242278768855,2.10475460522673,446.801149999803,11.9404157482492,0.193166912622538,0.4,64.2565585612565,6
"423",423,2,363.366546980273,0.376565280503899,1.16303384040823,422.607590610346,159.139345901262,0.503533818444038,0.4,136.881413012925,6
"424",424,3,504.026679938887,0.958715263826082,0.471186240608392,237.490436486733,227.68570647255,1.27362609532856,0.4,140.033264833194,6
"425",425,4,634.981503304437,1,0.0883783770163962,56.1186346974776,56.1186346974776,1.47090170155595,0.4,35.3914051717321,6
"426",426,5,756.900666908158,1,0.0136089223704319,10.3006024180812,10.3006024180812,1.67239108352694,0.4,6.84964488092749,6
"427",427,6,870.40761588352,1,0.00195986819171179,1.7058842001938,1.7058842001938,1.67239108352694,0.4,1.13437064212883,6
"428",428,0,49.999929782297,0,3.41957214331058,170.978367051028,0,0.121262459432018,0.4,15.9861133540443,6.1
"429",429,1,213.040480313469,0.026786200477624,2.03044093640991,432.566112340895,11.5868026049896,0.196386361166247,0.4,63.1477445664281,6.1
"430",430,2,364.831510558788,0.3831447472012,1.11836368150873,408.014311278917,156.328540149432,0.511926048751439,0.4,133.841985156508,6.1
"431",431,3,506.149218257098,0.960892457513803,0.449302261112201,227.413988223087,218.520386016697,1.29485319691737,0.4,135.186069177194,6.1
"432",432,4,637.716244825328,1,0.0825036596431936,52.6139240120044,52.6139240120044,1.49541672991521,0.4,33.4207864645985,6.1
"433",433,5,760.205370653486,1,0.0123966456231463,9.42399658080389,9.42399658080389,1.70026426825239,0.4,6.30655410736937,6.1
"434",434,6,874.242955430594,1,0.00172936355288884,1.51188390349149,1.51188390349149,1.70026426825239,0.4,1.01175521018881,6.1
"435",435,0,49.999929782297,0,3.30263075716199,165.131305954954,0,0.123250368603034,0.4,15.6772584393423,6.2
"436",436,1,213.787510961995,0.0268476018474382,1.95711016850379,418.405711602836,11.233189955807,0.199605809709956,0.4,61.9853088266783,6.2
"437",437,2,366.274028013482,0.389705208506974,1.07450831086474,393.564487154391,153.374130527442,0.52031827905884,0.4,130.715909473164,6.2
"438",438,3,508.23923511293,0.962949890776144,0.428075752450884,217.564892996029,209.504089947249,1.31608029850618,0.4,130.356159197512,6.2
"439",439,4,640.40908472648,1,0.0769549259454839,49.2826336899414,49.2826336899414,1.51993175827448,0.4,31.523754177207,6.2
"440",440,5,763.459439836598,1,0.0112828978519805,8.61403487380661,8.61403487380661,1.72813745297784,0.4,5.79993268137146,6.2
"441",441,6,878.019530031131,1,0.00152487906467939,1.33887359972411,1.33887359972411,1.72813745297784,0.4,0.901479604044571,6.2
"442",442,0,49.999929782297,0,3.18686895991976,159.34322422137,0,0.125238277774051,0.4,15.3567894606642,6.3
"443",443,1,214.523049919103,0.026908427069443,1.88476027878167,404.324523370624,10.8797369495057,0.202825258253665,0.4,60.7707285236812,6.3
"444",444,2,367.694354992474,0.396242945570057,1.0314601105722,379.26206005731,150.279915820076,0.52871050936624,0.4,127.50788374349,6.3
"445",445,3,510.297100906669,0.964893648664697,0.407491531599844,207.941747219418,200.641671184257,1.33730740009499,0.4,125.549327929485,6.3
"446",446,4,643.060500242644,1,0.0717159194118247,46.1176750123292,46.1176750123292,1.54444678663374,0.4,29.6992810140167,6.3
"447",447,5,766.663451155311,1,0.0102601346597265,7.86607024754413,7.86607024754413,1.75601063770329,0.4,5.32776233260583,6.3
"448",448,6,881.738008983232,1,0.001343544968147,1.18465466519337,1.18465466519337,1.75601063770329,0.4,0.802377591826561,6.3
"449",449,0,49.999929782297,0,3.07224964396999,153.612266472186,0,0.127226186945068,0.4,15.0248298140089,6.4
"450",450,1,215.24747163665,0.0269686929798156,1.81336437270127,390.322096379929,10.5264767805083,0.206044706797374,0.4,59.5047494099893,6.4
"451",451,2,369.093214562936,0.402756511604293,0.989197948291765,365.106250574069,147.048919846135,0.537102739673641,0.4,124.221016023197,6.4
"452",452,3,512.323863266941,0.966730137558203,0.387529401929809,198.540560326207,191.935143195037,1.3585345016838,0.4,120.769542956938,6.4
"453",453,4,645.671841169712,1,0.0667702231663639,43.1116529271387,43.1116529271387,1.56896181499301,0.4,27.945871670333,6.4
"454",454,5,769.819035723755,1,0.00932123755903087,7.1756661094452,7.1756661094452,1.78388382242874,0.4,4.8880401615344,6.4
"455",455,6,885.400285308788,1,0.00118278851223427,1.04724128619218,1.04724128619218,1.78388382242874,0.4,0.713377321024778,6.4
"456",456,0,49.999929782297,0,2.95869952031547,147.93476826269,0,0.129214096116084,0.4,14.6813115922882,6.5
"457",457,1,215.961354768788,0.0270284352271091,1.74287443513261,376.393524203125,10.1733279888275,0.209264155341082,0.4,58.187420065301,6.5
"458",458,2,370.471724107026,0.409246508454376,0.947689434717352,351.09213879775,143.683231948758,0.545494969981042,0.4,120.856929416635,6.5
"459",459,3,514.321141132589,0.968465894089655,0.36816524698193,189.355169953108,183.384023969135,1.37976160327261,0.4,116.019152003447,6.5
"460",460,4,648.245193396657,1,0.0621015081714645,40.2570041748351,40.2570041748351,1.59347684335227,0.4,26.2616594830504,6.5
"461",461,5,772.928714162273,1,0.00845952843454633,6.53861243533308,6.53861243533308,1.81175700715419,0.4,4.47880103137392,6.5
"462",462,6,889.009284363784,1,0.00104030887703635,0.924844250291375,0.924844250291375,1.81175700715419,0.4,0.633497308952254,6.5
"463",463,0,49.999929782297,0,2.84624601019622,142.312100652954,0,0.131202005287101,0.4,14.3266517647111,6.6
"464",464,1,216.664679283545,0.0270876376133877,1.67330201936266,362.545445369719,9.82049964255918,0.212483603884791,0.4,56.8205520436991,6.6
"465",465,2,371.829844942967,0.415708346505937,0.906934840117804,337.225440974377,140.187430467194,0.553887200288442,0.4,117.420826018774,6.6
"466",466,3,516.288878458843,0.970105829653632,0.349388123551166,180.385202455071,174.992736484915,1.40098870486142,0.4,111.303758367046,6.6
"467",467,4,650.780484713728,1,0.0576963954646662,37.5476882067304,37.5476882067304,1.61799187171154,0.4,24.6455255548446,6.6
"468",468,5,775.992399211489,1,0.00766912731247967,5.95118450306946,5.95118450306946,1.83963019187963,0.4,4.09830670113742,6.6
"469",469,6,892.564904877619,1,0.00091409498589083,0.815889104130757,0.815889104130757,1.83963019187963,0.4,0.561865252391263,6.6
"470",470,0,49.999929782297,0,2.73479071208596,136.739343573576,0,0.133189914458118,0.4,13.9606317763309,6.7
"471",471,1,217.358155777071,0.0271463490261908,1.60458474363396,348.769580664301,9.46782076643134,0.2157030524285,0.4,55.4036393421975,6.7
"472",472,2,373.168949233138,0.422144227327173,0.86689444585683,323.498089456437,136.562851015404,0.562279430595843,0.4,113.913099244666,6.7
"473",473,3,518.229063327364,0.97165615664744,0.331171971678808,171.622940683385,166.75848693695,1.42221580645023,0.4,106.6241970148,6.7
"474",474,4,653.280276624491,1,0.0535396224272926,34.9763793496725,34.9763793496725,1.64250690007081,0.4,23.095286897008,6.7
"475",475,5,779.013186231737,1,0.00694425768604783,5.40966830602234,5.40966830602234,1.86750337660508,0.4,3.74473219980984,6.7
"476",476,6,896.070739232188,1,0.000802315997971427,0.718931889400068,0.718931889400068,1.86750337660508,0.4,0.497665890662731,6.7
"477",477,0,49.999929782297,0,2.62435511157811,131.217571302717,0,0.135177823629134,0.4,13.5836245360986,6.8
"478",478,1,218.04178686196,0.027204556501625,1.53673090392136,335.071552217009,9.11547297437483,0.218922500972209,0.4,53.9383389337098,6.8
"479",479,2,374.489042022462,0.428550078291757,0.827567064319667,309.914797126414,132.814010572298,0.570671660903244,0.4,110.338521462176,6.8
"480",480,3,520.141703047578,0.973121325242001,0.313505996524253,163.067542947753,158.684503497275,1.44344290803904,0.4,101.98528164878,6.8
"481",481,4,655.744578546626,1,0.0496190870627421,32.5374473338262,32.5374473338262,1.66702192843007,0.4,21.6096615645928,6.8
"482",482,5,781.991086603486,1,0.00627989745226742,4.91082383245706,4.91082383245706,1.89537656133053,0.4,3.41649375087249,6.8
"483",483,6,899.526800635321,1,0.00070337983335732,0.632709011131315,0.632709011131315,1.89537656133053,0.4,0.440179989427416,6.8
"484",484,0,49.999929782297,0,2.51487271140481,125.743458981655,0,0.137165732800151,0.4,13.195546435485,6.9
"485",485,1,218.716082641729,0.0272622926925929,1.46969729483263,321.44643499494,8.76336679582259,0.222141949515918,0.4,52.4246310035108,6.9
"486",486,2,375.791108321698,0.434926656511234,0.788923838605453,296.470563690952,128.942951020107,0.579063891210644,0.4,106.698398915716,6.9
"487",487,3,522.028224769695,0.974506561985565,0.296369176754736,154.713075217731,150.768907024645,1.46467000962785,0.4,97.3884235845213,6.9
"488",488,4,658.175229262927,1,0.0459216133963022,30.2244684252347,30.2244684252347,1.69153695678934,0.4,20.1866491335367,6.9
"489",489,5,784.928322340165,1,0.00567118975772553,4.45147746220423,4.45147746220423,1.92324974605598,0.4,3.11197698559969,6.9
"490",490,6,902.935667888821,1,0.000615844837734965,0.556068269876103,0.556068269876103,1.92324974605598,0.4,0.388740968132364,6.9
"491",491,0,49.999929782297,0,2.40631153481068,120.315407774865,0,0.139153641971168,0.4,12.7964775998296,7
"492",492,1,219.381345428109,0.0273195725079482,1.4034611696842,307.893199661426,8.41151059285451,0.225361398059627,0.4,50.8630933719534,7
"493",493,2,377.075731895314,0.441272986350484,0.750947190652539,283.163961530036,124.952606931193,0.587456121518045,0.4,102.995216982328,7
"494",494,3,523.889474291162,0.975816412037533,0.279745205651054,146.555568724004,143.011329236377,1.48589711121666,0.4,92.8360076355964,7
"495",495,4,660.573318523988,1,0.0424353651305711,28.0316699670785,28.0316699670785,1.7160519851486,0.4,18.8244953028103,7
"496",496,5,787.826210313168,1,0.00511373528490832,4.02873469005405,4.02873469005405,1.95112293078143,0.4,2.82969189689652,7
"497",497,6,906.298869313929,1,0.0005384380691902,0.487985813302653,0.487985813302653,1.95112293078143,0.4,0.3427501704473,7
"498",498,0,49.999929782297,0,2.29865918472556,114.93279782971,0,0.141141551142184,0.4,12.3865936839662,7.1
"499",499,1,220.037758829579,0.0273764007763303,1.33801134218709,294.413017023404,8.05996874780126,0.228580846603336,0.4,49.254659104904,7.1
"500",500,2,378.343267291597,0.447587121459019,0.713625896838367,269.995553433724,120.846532568135,0.595848351825445,0.4,99.2321287180266,7.1
"501",501,3,525.725965305517,0.977054978633904,0.263620486882881,138.592134940813,135.412135443423,1.50712421280546,0.4,88.330876783338,7.1
"502",502,4,662.939508187848,1,0.0391494473606255,25.9537153790791,25.9537153790791,1.74056701350787,0.4,17.5215676893987,7.1
"503",503,5,790.685550321933,1,0.00460351109046765,3.63992969997953,3.63992969997953,1.97899611550688,0.4,2.56824589075262,7.1
"504",504,6,909.617333133765,1,0.000470030857203516,0.427548214820039,0.427548214820039,1.97899611550688,0.4,0.301667624464384,7.1
"505",505,0,49.999929782297,0,2.19184285608367,109.591988898013,0,0.143129460313201,0.4,11.965736161573,7.2
"506",506,1,220.685850033064,0.0274328138159973,1.2733016054574,280.999647148832,7.70861100259483,0.231800295147045,0.4,47.5990116343511,7.2
"507",507,2,379.594732509397,0.453870543270379,0.676930223434176,256.959147092022,116.626187688949,0.604240582132846,0.4,95.4097461340333,7.2
"508",508,3,527.539172758348,0.978226730865688,0.247974921523382,130.816484965261,127.968182430908,1.52835131439427,0.4,83.8734885019761,7.2
"509",509,4,665.275698618287,1,0.0360525034002472,23.9848543865376,23.9848543865376,1.76508204186713,0.4,16.2757951446072,7.2
"510",510,5,793.508638795302,1,0.00413668301212636,3.28249370608004,3.28249370608004,2.00686930023233,0.4,2.32625775015974,7.2
"511",511,6,912.893724514416,1,0.000409606700069993,0.373927386012955,0.373927386012955,2.00686930023233,0.4,0.264997150824209,7.2
"512",512,0,49.999929782297,0,2.08585992813601,104.292849942508,0,0.145117369484218,0.4,11.5341131971925,7.3
"513",513,1,221.325735524635,0.0274888115655318,1.20932679413551,267.65514220169,7.35752176852788,0.235019743690754,0.4,45.8972000676808,7.3
"514",514,2,380.830352483513,0.460120976312777,0.640852532266596,244.05609575304,112.295329052973,0.612632812440247,0.4,91.5313776005556,7.3
"515",515,3,529.329422550406,0.979335208855027,0.232796937137845,123.226268306679,120.679823208547,1.54957841598308,0.4,79.4665913706768,7.3
"516",516,4,667.582309715528,1,0.033134934314006,22.1202959816164,22.1202959816164,1.7895970702264,0.4,15.0856047154685,7.3
"517",517,5,796.295983147168,1,0.00370984862142646,2.95413755532595,2.95413755532595,2.03474248495778,0.4,2.10249239332112,7.3
"518",518,6,916.128632345153,1,0.000356275003086408,0.326393731316316,0.326393731316316,2.03474248495778,0.4,0.232298030971186,7.3
"519",519,0,49.999929782297,0,1.98068300737905,99.0340112899413,0,0.147105278655234,0.4,11.0917926681428,7.4
"520",520,1,221.957670450459,0.0275444069089992,1.14606743434034,254.378457905315,7.00670375342772,0.238239192234463,0.4,44.1497492965279,7.4
"521",521,2,382.050619901629,0.466337597274337,0.605377691390965,231.284922270535,107.856854937423,0.621025042747647,0.4,87.5992402964882,7.4
"522",522,3,531.09742852093,0.980383998581292,0.218072484185953,115.817735582331,113.545854716836,1.57080551757189,0.4,75.1118453270874,7.4
"523",523,4,669.860261211287,1,0.0303872157741623,20.3551882959641,20.3551882959641,1.81411209858567,0.4,13.9492461053098,7.4
"524",524,5,799.048694795491,1,0.00331981775262071,2.65269604219048,2.65269604219048,2.06261566968323,0.4,1.89575680812872,7.4
"525",525,6,919.323346504154,1,0.000309238302051738,0.284289990709466,0.284289990709466,2.06261566968323,0.4,0.203168654379748,7.4
"526",526,0,49.999929782297,0,1.87626743265592,93.8132398856066,0,0.149093187826251,0.4,10.6387360336633,7.5
"527",527,1,222.582004154741,0.0275996218241549,1.08349421989417,241.166314954123,6.65609908945882,0.241458640778172,0.4,42.3567790647738,7.5
"528",528,2,383.256209348002,0.472520644876287,0.570485552966607,218.642130517781,103.312920509387,0.629417273055048,0.4,83.6147185554391,7.5
"529",529,3,532.844168053221,0.981376630365918,0.203786030330934,108.586197792555,106.563956893905,1.5920326191607,0.4,70.8101025708353,7.5
"530",530,4,672.110812395289,1,0.0278000537266123,18.6847166948261,18.6847166948261,1.83862712694493,0.4,12.8648647917989,7.5
"531",531,5,801.768295485358,1,0.00296361802111776,2.37613496926128,2.37613496926128,2.09048885440868,0.4,1.7049095923341,7.5
"532",532,6,922.479633082896,1,0.000267784538558827,0.247025782875019,0.247025782875019,2.09048885440868,0.4,0.177244404137697,7.5
"533",533,0,49.999929782297,0,1.7726033351364,88.6300422886853,0,0.151081096997268,0.4,10.1750911633668,7.6
"534",534,1,223.198882283637,0.0276544602206975,1.02159811421089,228.019557234943,6.30575777509477,0.244678089321881,0.4,40.519110814553,7.6
"535",535,2,384.447402065604,0.478668502328138,0.536166833664638,206.127946276111,98.666955331961,0.637809503362449,0.4,79.58054440892,7.6
"536",536,3,534.570048631118,0.982316143355216,0.18992625516638,101.528887460618,99.7334651694597,1.61325972074951,0.4,66.5632741599941,7.6
"537",537,4,674.334488281832,1,0.0253651490032452,17.1045947732958,17.1045947732958,1.8631421553042,0.4,11.8308485528171,7.6
"538",538,5,804.455419652128,1,0.00263856178436103,2.12260532751622,2.12260532751622,2.11836203913412,0.4,1.52890426980678,7.6
"539",539,6,925.598228387932,1,0.000231285293484616,0.214077257901543,0.214077257901543,2.11836203913412,0.4,0.154199006961503,7.6
"540",540,0,49.999929782297,0,1.66964678061686,83.4822217920813,0,0.153069006168285,0.4,9.70080449166979,7.7
"541",541,1,223.808641108969,0.0277089438659046,0.960350544430153,214.934750337171,5.9556149319249,0.24789753786559,0.4,38.6368001445528,7.7
"542",542,2,385.6248473959,0.484781551151429,0.502402117740627,193.738739985106,93.9209668881032,0.646201733669849,0.4,75.4979136492398,7.7
"543",543,3,536.276011064453,0.983205681519653,0.176478507200489,94.6411898800874,93.0517555958821,1.63448682233832,0.4,62.3718868772478,7.7
"544",544,4,676.532501038301,1,0.0230741345651892,15.6104019666818,15.6104019666818,1.88765718366346,0.4,10.8453814231558,7.7
"545",545,5,807.111532097525,1,0.00234211669433591,1.89034939351664,1.89034939351664,2.14623522385957,0.4,1.36672614761476,7.7
"546",546,6,928.680832423984,1,0.000199176882936985,0.184971753445534,0.184971753445534,2.14623522385957,0.4,0.133734923750717,7.7
"547",547,0,49.999929782297,0,1.56734307959721,78.3670439246298,0,0.155056915339301,0.4,9.21574621191937,7.8
"548",548,1,224.4116730762,0.0277631002663626,0.899716976620679,201.906992018507,5.60556406388948,0.251116986409299,0.4,36.7096038214104,7.8
"549",549,2,386.789303151745,0.490860880545553,0.469169099626625,181.469589104914,89.0763223002777,0.65459396397725,0.4,71.3674248247508,7.8
"550",550,3,537.963153323749,0.984048275304103,0.163427471586696,87.9179579545066,86.5155148933909,1.65571392392713,0.4,58.2359292248756,7.8
"551",551,4,678.706265322582,1,0.0209189483766991,14.1978213272254,14.1978213272254,1.91217221202273,0.4,9.90661296483708,7.8
"552",552,5,809.738342315912,1,0.00207193542238771,1.67772555430984,1.67772555430984,2.17410840858502,0.4,1.21741352370029,7.8
"553",553,6,931.72942917868,1,0.000170957203644721,0.159285857765879,0.159285857765879,2.17410840858502,0.4,0.115583121971432,7.8
"554",554,0,49.999929782297,0,1.46572831240104,73.2863126999766,0,0.157044824510318,0.4,8.72031061662376,7.9
"555",555,1,225.007851345093,0.027816909480095,0.839715139749531,188.942499336987,5.25579640099987,0.254336434953008,0.4,34.7392792908975,7.9
"556",556,2,387.940524404426,0.496902511431072,0.436472896262677,169.325524264462,84.1382782563939,0.662986194284651,0.4,67.1935206182444,7.9
"557",557,3,539.63112053972,0.984846123274547,0.150767676493761,81.3589302074982,80.1260270086191,1.67694102551594,0.4,54.1584564449096,7.9
"558",558,4,680.85532391053,1,0.0188931431553126,12.8634971026984,12.8634971026984,1.93668724038199,0.4,9.01326591890631,7.9
"559",559,5,812.335297790595,1,0.00182597085301663,1.48330057664221,1.48330057664221,2.20198159331047,0.4,1.08012818885465,7.9
"560",560,6,934.743377417799,1,0.000146189425498458,0.136649597333196,0.136649597333196,2.20198159331047,0.4,0.0995071965854329,7.9
"561",561,0,49.999929782297,0,1.36473085714307,68.2364470288875,0,0.159032733681335,0.4,8.21425311544198,8
"562",562,1,225.597657248398,0.0278704080098149,0.780301029309586,176.034084160756,4.90614174919437,0.257555883496717,0.4,32.7251393118581,8
"563",563,2,389.079440608302,0.502908647879225,0.404286545159803,157.299582836239,79.1073205161391,0.671378424592051,0.4,62.9758788368327,8
"564",564,3,541.281259368706,0.985602072318631,0.138482708873303,74.9580950597312,73.878853827928,1.69816812710475,0.4,50.1385621961699,8
"565",565,4,682.98141187424,1,0.0169891914543478,11.6033019660923,11.6033019660923,1.96120226874126,0.4,8.16343580504603,8
"566",566,5,814.904495209399,1,0.00160219582068038,1.30563657647816,1.30563657647816,2.22985477803592,0.4,0.954004015187955,8
"567",567,6,937.725110494028,1,0.000124473763429018,0.116722173565083,0.116722173565083,2.22985477803592,0.4,0.085286690223493,8
"568",568,0,49.999929782297,0,1.26432735562363,63.2162790030186,0,0.161020642852351,0.4,7.69760241193569,8.1
"569",569,1,226.18129420683,0.0279236071705303,0.721458517820924,163.180421277278,4.55658598166835,0.260775332040426,0.4,30.6675364072264,8.1
"570",570,2,390.20644456912,0.508878834778965,0.372597798684009,145.390062278768,73.9859254808605,0.679770654899452,0.4,58.7161695037138,8.1
"571",571,3,542.914138934242,0.986318461113166,0.126561568245575,68.7120648462139,67.7719780590258,1.71939522869356,0.4,46.1769194008859,8.1
"572",572,4,685.085262489408,1,0.0152005812396219,10.413694188538,10.413694188538,1.98571729710053,0.4,7.3555428391035,8.1
"573",573,5,817.446820673961,1,0.00139880229859723,1.14344649173973,1.14344649173973,2.25772796276137,0.4,0.838262304005709,8.1
"574",574,6,940.675656790213,1,0.000105459795078241,0.0992034620001854,0.0992034620001854,2.25772796276137,0.4,0.0727262038253266,8.1
"575",575,0,49.999929782297,0,1.16446389652831,58.2231130604356,0,0.163008552023368,0.4,7.17019199028039,8.2
"576",576,1,226.759134284085,0.027976534394839,0.663154194085154,150.37627094761,4.20700691633344,0.263994780584135,0.4,28.5660654265721,8.2
"577",577,2,391.322254742513,0.514814438049305,0.34138564185959,133.591799109215,68.774986986406,0.688162885206853,0.4,54.4145962719002,8.2
"578",578,3,544.530800183445,0.986997685337817,0.114990540403469,62.6158909794276,61.8017394620602,1.74062233028237,0.4,42.2730028032948,8.2
"579",579,4,687.168216943269,1,0.0135207769724009,9.29104820381232,9.29104820381232,2.01023232545979,0.4,6.58786964595028,8.2
"580",580,5,819.963894895579,1,0.00121409046972736,0.99551035031325,0.99551035031325,2.28560114748682,0.4,0.732153337917974,8.2
"581",581,6,943.596897255032,1,8.88336188477871e-05,0.083823127116708,0.083823127116708,2.28560114748682,0.4,0.0616481609597621,8.2
"582",582,0,49.999929782297,0,1.0651811795226,53.2589841815542,0,0.164996461194385,0.4,6.63242894144364,8.3
"583",583,1,227.331014025424,0.0280291674549494,0.605408673936659,137.628167745808,3.85760296026512,0.267214229127844,0.4,26.4225361128182,8.3
"584",584,2,392.4265554971,0.520711465956577,0.310657026504068,121.910066851963,63.4799696253499,0.696555115514253,0.4,50.0755465317703,8.3
"585",585,3,546.130785808218,0.987641423217625,0.103765586531436,56.6695813122638,55.9692259403912,1.76184943187118,0.4,38.4294904857314,8.3
"586",586,4,689.229686026467,1,0.0119446675371306,8.23261945630706,8.23261945630706,2.03474735381906,0.4,5.85925067205619,8.3
"587",587,5,822.455005864597,1,0.00104659034914627,0.860773471744925,0.860773471744925,2.31347433221227,0.4,0.635030788454547,8.3
"588",588,6,946.488005551542,1,7.43233447032795e-05,0.0703461542941267,0.0703461542941267,2.31347433221227,0.4,0.0518974797580452,8.3
"589",589,0,49.999929782297,0,0.966408734790712,48.3203688805341,0,0.166984370365401,0.4,6.08403115551287,8.4
"590",590,1,227.897392674955,0.0280815425959152,0.548179339492995,124.928642188732,3.50818898707274,0.270433677671553,0.4,24.2360910668042,8.4
"591",591,2,393.520233634035,0.526572362529376,0.280386446471848,110.337739923418,58.1008043876263,0.704947345821654,0.4,45.6983132475195,8.4
"592",592,3,547.715380666055,0.988251931413197,0.0928719322711803,50.8673857371015,50.2697922006307,1.78307653345999,0.4,34.6450458502591,8.4
"593",593,4,691.271325187623,1,0.0104661363765825,7.23493996263456,7.23493996263456,2.05926238217832,0.4,5.16794126742449,8.4
"594",594,5,824.922154050611,1,0.00089483365002759,0.73816810209773,0.73816810209773,2.34134751693772,0.4,0.546222660580914,8.4
"595",595,6,949.351303364451,1,6.16791965237902e-05,0.0585552256103323,0.0585552256103323,2.34134751693772,0.4,0.0433291428238345,8.4
"596",596,0,49.999929782297,0,0.868111953841306,43.4055367352379,0,0.168972279536418,0.4,5.5249247764977,8.5
"597",597,1,228.458523920844,0.0281336773064314,0.491444201353763,112.274616830739,3.15869783961924,0.273653126215262,0.4,22.0066705073125,8.5
"598",598,2,394.603779025602,0.532397583935088,0.250559214963924,98.8716130944526,52.6390079312513,0.713339576129054,0.4,41.2836984070205,8.5
"599",599,3,549.285294517055,0.988831112739297,0.0822987322489889,45.2054833817662,44.7005884343097,1.8043036350488,0.4,30.9194951761639,8.5
"600",600,4,693.29404890277,1,0.00907979911521603,6.29497069181191,6.29497069181191,2.08377741053759,0.4,4.51243760800351,8.5
"601",601,5,827.366444520531,1,0.000757504847678123,0.626734092530515,0.626734092530515,2.36922070166317,0.4,0.465121644437542,8.5
"602",602,6,952.188073201104,1,5.06820951293768e-05,0.0482588865070364,0.0482588865070364,2.36922070166317,0.4,0.0358146348162552,8.5
"603",603,0,49.999929782297,0,0.770312921643533,38.5155919925727,0,0.170960188707435,0.4,4.95539062356241,8.6
"604",604,1,229.014342140468,0.028185559240069,0.435213465204325,99.670125424442,2.80925822461571,0.276872574758971,0.4,19.7355951433915,8.6
"605",605,2,395.677064954399,0.538184374145342,0.221177171330302,87.5147339868903,47.0990623392306,0.721731806436455,0.4,36.8350629036026,8.6
"606",606,3,550.840343764477,0.98938045842103,0.0720407732690617,39.6829643125887,39.2615494230943,1.82553073663761,0.4,27.254535498861,8.6
"607",607,4,695.297620620399,1,0.00778112957700249,5.41020088062884,5.41020088062884,2.10829243889685,0.4,3.89155674722075,8.6
"608",608,5,829.787591421876,1,0.000633439413577238,0.525620165303942,0.525620165303942,2.39709388638861,0.4,0.391188084523117,8.6
"609",609,6,954.997983309727,1,4.11406411954271e-05,0.039289229373702,0.039289229373702,2.39709388638861,0.4,0.0292406558873182,8.6
"610",610,0,49.999929782297,0,0.672943345305686,33.6471200127483,0,0.172948097878451,0.4,4.37512748233421,8.7
"611",611,1,229.565283960063,0.0282372237385685,0.379446285226701,87.1076942156586,2.45967945091836,0.28009202330268,0.4,17.4219135058037,8.7
"612",612,2,396.740934546435,0.543935242685677,0.19221624659811,76.2600533103421,41.4805306045836,0.730124036743856,0.4,32.3514957611232,8.7
"613",613,3,552.381749986306,0.989901853097309,0.0620845388342008,34.2943662083286,33.9480566604222,1.84675783822641,0.4,23.6486333543608,8.7
"614",614,4,697.283614257937,1,0.00656491229143424,4.57760576985762,4.57760576985762,2.13280746725612,0.4,3.30369368659446,8.7
"615",615,5,832.187496700686,1,0.000521488362818467,0.433976095212439,0.433976095212439,2.42496707111406,0.4,0.323871417148782,8.7
"616",616,6,957.783241031562,1,3.28799209824127e-05,0.0314918372833969,0.0314918372833969,2.42496707111406,0.4,0.0235019994928519,8.7
"617",617,0,49.999929782297,0,0.576000880405337,28.8000035748081,0,0.174936007049468,0.4,3.78424821659481,8.8
"618",618,1,230.111415251757,0.0282886714254281,0.324139241803966,74.588139670142,2.10999937536259,0.283311471846389,0.4,15.0662862772864,8.8
"619",619,2,397.795515000901,0.54964894827066,0.163671555651882,65.1078107715388,35.7864397147815,0.738516267051256,0.4,27.8350800828311,8.8
"620",620,3,553.909697477334,0.990396731664124,0.0524230008862924,29.0376085617802,28.7587526149293,1.86798493981522,0.4,20.1024588969148,8.8
"621",621,4,699.252267266272,1,0.00542685894505419,3.7947434214634,3.7947434214634,2.15732249561539,0.4,2.74761198166906,8.8
"622",622,5,834.566447296272,1,0.000420646699081458,0.351057621219317,0.351057621219317,2.45284025583951,0.4,0.262689369716304,8.8
"623",623,6,960.544179379724,1,2.57481728565709e-05,0.0247322575670421,0.0247322575670421,2.45284025583951,0.4,0.0185066517837788,8.8
"624",624,0,49.999929782297,0,0.47944819222232,23.9723759453652,0,0.176923916220485,0.4,3.18263232434258,8.9
"625",625,1,230.652994201151,0.0283399214432142,0.26926928190144,62.107766116961,1.76012921276819,0.286530920390098,0.4,12.6684575898028,8.9
"626",626,2,398.841304874631,0.555326319911342,0.13552837208172,54.0543127686077,30.0177825851275,0.746908497358657,0.4,23.2861800308714,8.9
"627",627,3,555.424908580426,0.990866618874305,0.0430461376508879,23.9088970694848,23.6905280002542,1.88921204140403,0.4,16.6153952163224,8.9
"628",628,4,701.204510333447,1,0.00436256622398062,3.05905111288356,3.05905111288356,2.18183752397465,0.4,2.22194203072339,8.9
"629",629,5,836.925567866387,1,0.000329962239680515,0.27615383481908,0.27615383481908,2.48071344056496,0.4,0.207175162650199,8.9
"630",630,6,963.282103598096,1,1.9609109874858e-05,0.0188891046099394,0.0188891046099394,2.48071344056496,0.4,0.0141709178959786,8.9
"631",631,0,49.999929782297,0,0.383255460005164,19.1627460889401,0,0.178911825391501,0.4,2.57019906905715,9
"632",632,1,231.190234412714,0.0283909890311514,0.214817738102925,49.6637632280242,1.41000335705254,0.289750368933806,0.4,10.228322024174,9
"633",633,2,399.87871663822,0.560967800261918,0.107774337108272,43.0966636093905,24.1758405835877,0.755300727666058,0.4,18.7054308591868,9
"634",634,3,556.927980910874,0.991312911572354,0.0339449074828345,18.9048687866214,18.740640519759,1.91043914299284,0.4,13.1870159005653,9
"635",635,4,703.141113444782,1,0.0033679346711165,2.36813333465814,2.36813333465814,2.20635255233392,0.4,1.72539178648526,9
"636",636,5,839.265788873146,1,0.00024856451409403,0.208611693006997,0.208611693006997,2.50858662529041,0.4,0.15689682060598,9
"637",637,6,965.998093552961,1,1.43422971517569e-05,0.0138546317057672,0.0138546317057672,2.50858662529041,0.4,0.0104200662674684,9
"638",638,0,49.999929782297,0,0.287471285508612,14.3735440898572,0,0.180899734562518,0.4,1.94739043479516,9.1
"639",639,1,231.722914426077,0.0284418479336759,0.160809951809943,37.2633507021169,1.05983855416884,0.292969817477515,0.4,7.74783494907956,9.1
"640",640,2,400.907322651318,0.566569338215073,0.0804192380440916,32.2406614139158,18.2665702008985,0.763692957973458,0.4,14.0972055616522,9.1
"641",641,3,558.418294874417,0.991736590686012,0.0251173908493731,14.0260105698012,13.9101079034207,1.93166624458165,0.4,9.81948806263399,9.1
"642",642,4,705.0612782966,1,0.0024397467042002,1.72017092998331,1.72017092998331,2.23086758069318,0.4,1.2570497688072,9.1
"643",643,5,841.586145634096,1,0.000175700690020654,0.147867266499733,0.147867266499733,2.53645981001586,0.4,0.11148177669294,9.1
"644",644,6,968.691029662945,1,9.84372792213583e-06,0.00953553093661564,0.00953553093661564,2.53645981001586,0.4,0.00718913628207445,9.1
"645",645,0,49.999929782297,0,0.191970828396787,9.59852794008871,0,0.182887643733535,0.4,1.31347449944119,9.2
"646",646,1,232.25176830304,0.0284925637935915,0.107174225002527,24.8914032733446,0.709219895677785,0.296189266021224,0.4,5.22431616701187,9.2
"647",647,2,401.92854038851,0.572136960508141,0.0534243436293464,21.4727684561574,12.285364478201,0.772085188280859,0.4,9.45740925590266,9.2
"648",648,3,559.897904204107,0.992139318489499,0.0165466113239027,9.26441300193304,9.1915884019431,1.95289334617046,0.4,6.50902035117219,9.2
"649",649,4,706.967650979666,1,0.00157347725258256,1.11239751712823,1.11239751712823,2.25538260905245,0.4,0.815276589031894,9.2
"650",650,5,843.889835726045,1,0.000110571309844339,0.0933100045005528,0.0933100045005528,2.56433299474131,0.4,0.0705155493103176,9.2
"651",651,6,971.3646229393,1,6.01526962374611e-06,0.00584302010994836,0.00584302010994836,2.56433299474131,0.4,0.00441564411972352,9.2
"652",652,0,49.999929782297,0,0.0968068292280561,4.84033466384962,0,0.184875552904551,0.4,0.668912137469332,9.3
"653",653,1,232.776548082506,0.0285431082271303,0.0539383640814868,12.5555862001059,0.358375455764686,0.299408714564933,0.4,2.65979238807945,9.3
"654",654,2,402.941891036497,0.577666458949494,0.0268008411763406,10.7991816249635,6.23832500884511,0.78047741858826,0.4,4.7905039229506,9.3
"655",655,3,561.366115162851,0.992521924258344,0.00823139790951142,4.62082786682204,4.58627296604479,1.97412044775927,0.4,3.25778822072984,9.3
"656",656,4,708.859337662472,1,0.000766312988021009,0.543208117130722,0.543208117130722,2.27989763741172,0.4,0.399246534207656,9.3
"657",657,5,846.175779029242,1,5.25462140192985e-05,0.0444633335828172,0.0444633335828172,2.59220617946676,0.4,0.0336785250822633,9.3
"658",658,6,974.017619827603,1,2.77587522288043e-06,0.00270375137752841,0.00270375137752841,2.59220617946676,0.4,0.0020479426810113,9.3
"659",659,0,49.999929782297,0,0.00190652375370062,0.0953260538133124,0,0.186863462075568,0.4,0.0133024581712877,9.4
"660",660,1,233.297694948136,0.0285935194310908,0.00106015815252078,0.247332453263572,0.00707210530833129,0.302628163108642,0.4,0.0528777151769343,9.4
"661",661,2,403.948226521677,0.583160922652449,0.000525077154821969,0.212103985477383,0.123690755869252,0.78886964889566,0.4,0.0947540220708745,9.4
"662",662,3,562.824162079237,0.992885690930433,0.000159920299733808,0.0900070086971409,0.0893666710188423,1.99534754934808,0.4,0.0636719378986037,9.4
"663",663,4,710.737928690693,1,1.45752956259622e-05,0.0103592154232509,0.0103592154232509,2.30441266577098,0.4,0.00763481604383741,9.4
"664",664,5,848.445897341879,1,9.75227354899528e-07,0.000827427648240076,0.000827427648240076,2.62007936419221,0.4,0.000628124770619641,9.4
"665",665,6,976.652250708904,1,5.00298289727494e-08,4.88617450688172e-05,4.88617450688172e-05,2.62007936419221,0.4,3.70923940947658e-05,9.4
"666",666,0,49.999929782297,0,7.64216911949503e-05,0.0038210791935919,0,0.188851371246585,0.4,0.000538373798837593,9.5
"667",667,1,233.307724590467,0.0285944916776831,4.24113154643949e-05,0.00989488750788644,0.000282939278495869,0.305847611652351,0.4,0.00213468839169346,9.5
"668",668,2,403.967593778102,0.583266691824192,2.09380397664103e-05,0.00845828954286699,0.00493343856015919,0.797261879203061,0.4,0.00380489924072116,9.5
"669",669,3,562.852222670287,0.992892538422207,6.32370777844896e-06,0.00355931297861738,0.00353401529837851,2.01657465093689,0.4,0.00252621876411682,9.5
"670",670,4,710.774082791086,1,5.64243749434375e-07,0.000401049833474821,0.000401049833474821,2.32892769413025,0.4,0.000296370319778978,9.5
"671",671,5,848.489586513256,1,3.68390581040913e-08,3.12575571782782e-05,3.12575571782782e-05,2.64795254891766,0.4,2.37797454290926e-05,9.5
"672",672,6,976.702955044201,1,1.83533139514584e-09,1.79257359712434e-06,1.79257359712434e-06,2.64795254891766,0.4,1.36373241067451e-06,9.5
"673",673,0,49.999929782297,0,7.0494175907095e-05,0.00352470384541564,0,0.190839280417601,0.4,0.00050136050411609,9.6
"674",674,1,233.307757794102,0.0285944948509352,3.90440624481373e-05,0.0091092826649478,0.000260475336258563,0.30906706019606,0.4,0.00198286024950013,9.6
"675",675,2,403.967657894378,0.583267045656956,1.92137036178364e-05,0.00776171484997409,0.00452715248977611,0.805654109510462,0.4,0.00351547837173465,9.6
"676",676,3,562.852315566284,0.992892562036187,5.7544279978925e-06,0.00323889312337325,0.00321587289142746,2.0378017525257,0.4,0.00230621488186866,9.6
"677",677,4,710.774202481052,1,5.02664611564129e-07,0.000357281038399942,0.000357281038399942,2.35344272248951,0.4,0.000264715751756529,9.6
"678",678,5,848.489731148454,1,3.20238343502479e-08,2.71718945981845e-05,2.71718945981845e-05,2.67582573364311,0.4,2.07147976029111e-05,9.6
"679",679,6,976.703122903452,1,1.5494579258597e-09,1.51336039499467e-06,1.51336039499467e-06,2.67582573364311,0.4,1.15372721505665e-06,9.6
"680",680,0,49.999929782297,0,8.13065284930056e-05,0.00406532071549261,0,0.192827189588618,0.4,0.000583720471031663,9.7
"681",681,1,233.307699687501,0.0285944891456052,4.49431844826208e-05,0.0104855909882712,0.000299830117699378,0.312286508739769,0.4,0.00230270544853283,9.7
"682",682,2,403.967545690432,0.583266438794696,2.20455907578877e-05,0.00890570319175955,0.00519439778562015,0.814046339817862,0.4,0.00406084524761934,9.7
"683",683,3,562.852152997618,0.99289252390356,6.54738855628351e-06,0.00368521174541614,0.00365901919102527,2.05902885411451,0.4,0.00263226891644107,9.7
"684",684,4,710.773993022746,1,5.59919319662264e-07,0.000397976090606927,0.000397976090606927,2.37795775084878,0.4,0.000295617372989208,9.7
"685",685,5,848.489478035813,1,3.48075720400459e-08,2.95338586319525e-05,2.95338586319525e-05,2.70369891836855,0.4,2.25612301330662e-05,9.7
"686",686,6,976.702829148551,1,1.63567789991587e-09,1.59757123242359e-06,1.59757123242359e-06,2.70369891836855,0.4,1.22040173205407e-06,9.7
"687",687,0,49.999929782297,0,4.56718592484222e-05,0.00228358975544806,0,0.194815098759635,0.4,0.000330951844119072,9.8
"688",688,1,233.307894268131,0.0285945080532366,2.51955461320736e-05,0.00587831981300964,0.000168087663232604,0.315505957283478,0.4,0.00130223824777943,9.8
"689",689,2,403.967921425961,0.583268487280078,1.23192278400758e-05,0.00497657286412826,0.00290267812629917,0.822438570125263,0.4,0.00228431700315057,9.8
"690",690,3,562.852697388666,0.992892655761866,3.6281493984727e-06,0.00204211367545942,0.00202759967059453,2.08025595570332,0.4,0.00146311874621861,9.8
"691",691,4,710.774694432369,1,3.03755175737993e-07,0.000215901492217422,0.000215901492217422,2.40247277920804,0.4,0.000160769018893327,9.8
"692",692,5,848.490325629997,1,1.84257520629128e-08,1.56340723678385e-05,1.56340723678385e-05,2.731572103094,0.4,1.1966594066072e-05,9.8
"693",693,6,976.70381284081,1,8.40975760319919e-10,8.21384231611165e-07,8.21384231611165e-07,2.731572103094,0.4,6.28701942827339e-07,9.8
"694",694,0,49.999929782297,0,5.75205867151116e-05,0.0028760252967921,0,0.196803007930652,0.4,0.00042065974033036,9.9
"695",695,1,233.307830492251,0.0285945017979882,3.16690513416625e-05,0.00738863766227098,0.000211274412918491,0.318725405827187,0.4,0.0016510054901554,9.9
"696",696,2,403.967798274628,0.583267820791604,1.54346425579699e-05,0.00623509857129897,0.00363673235610239,0.830830800432663,0.4,0.00288074193082461,9.9
"697",697,3,562.852518958684,0.992892613776062,4.50768491617391e-06,0.00253716180974055,0.0025191292208461,2.10148305729213,0.4,0.00182325645978237,9.9
"698",698,4,710.774464537873,1,3.69464965916771e-07,0.000262606263314997,0.000262606263314997,2.42698780756731,0.4,0.000196018466587297,9.9
"699",699,5,848.490047821949,1,2.18689563622027e-08,1.85555918295814e-05,1.85555918295814e-05,2.75944528781945,0.4,1.42299694755933e-05,9.9
"700",700,6,976.703490425164,1,9.69475006406554e-10,9.46889622637239e-07,9.46889622637239e-07,2.75944528781945,0.4,7.26153633397094e-07,9.9
"701",701,0,49.999929782297,0,8.14422838706703e-05,0.00407210847484341,0,0.198790917101668,0.4,0.000601042169960352,10
"702",702,1,233.307701608578,0.0285944891650247,4.47505474831308e-05,0.0104406473790148,0.000298544978355083,0.321944854370896,0.4,0.00235296001870317,10
"703",703,2,403.967549400036,0.583266473286003,2.17401074576501e-05,0.00878229793336036,0.00512241994293805,0.839223030740064,0.4,0.00408378031591535,10
"704",704,3,562.852158372344,0.992892528758916,6.29613399717837e-06,0.00354379260971334,0.00351860520565544,2.12271015888094,0.4,0.00255409335108153,10
"705",705,4,710.773999947703,1,5.05213399809406e-07,0.000359092549009709,0.000359092549009709,2.45150283592658,0.4,0.00026866788768628,10
"706",706,5,848.489486404037,1,2.91798405280871e-08,2.47587879030283e-05,2.47587879030283e-05,2.7873184725449,0.4,1.90223819529774e-05,10
"707",707,6,976.702838860459,1,1.25648526368816e-09,1.22721272403056e-06,1.22721272403056e-06,2.7873184725449,0.4,9.42877707321361e-07,10
