"","R","SSB","SPR","YPR","B","SY","SPR0","pSPR","Fmulti","Scenario"
"1",28.4630632747386,9808.50923787614,344.60483550909,0,20879.9186337289,0,696.957795469759,0.494441467975578,0,"A"
"2",28.1783337719322,9534.90779147165,338.37727484686,1.94701928246201,20485.6717162032,54.8637554391134,344.60485213824,0.981928352857662,0.02,"A"
"3",27.8915964167292,9269.19201932143,332.329203421351,3.82918428403504,20098.7484387312,106.802052753399,344.60485213824,0.964377609192908,0.04,"A"
"4",27.6028467116412,9011.04061437609,326.453307824073,5.64933223980674,19718.8272820382,155.937633103463,344.60485213824,0.947326498157126,0.06,"A"
"5",27.3120801544016,8760.14930320648,320.742662356119,7.41014597833896,19345.6037633635,202.386470575044,344.60485213824,0.930754922241931,0.08,"A"
"6",27.019292238884,8516.2297358681,315.190703759895,9.11416406968174,18978.7893267731,246.258218032525,344.60485213824,0.914643835698097,0.1,"A"
"7",26.7244784554292,8279.00846090219,309.791207888671,10.7637901885651,18618.1103179458,287.656618473975,344.60485213824,0.898975176833544,0.12,"A"
"8",26.4276342902631,8048.22597773959,304.538268137941,12.3613017625609,18263.3070354718,326.679884927183,344.60485213824,0.883731805423839,0.14,"A"
"9",26.1287552236657,7823.63585956588,299.426275480576,13.908857968006,17914.1328515102,363.421051614056,344.60485213824,0.868897444776721,0.16,"A"
"10",25.8278367265723,7605.00394043537,294.449899964373,15.4085071302548,17570.3533954304,397.968298835526,344.60485213824,0.854456628040318,0.18,"A"
"11",25.5248792504016,7392.11101343358,289.604152126098,16.8621935792969,17231.7538425672,430.405454799999,344.60485213824,0.840394876418983,0.2,"A"
"12",25.2198678741443,7184.73796489329,284.884044624959,18.2717640068367,16898.1052512793,460.811467897988,344.60485213824,0.826697717276123,0.22,"A"
"13",24.9128015056963,6982.68572420648,280.285046328888,19.6389733665323,16569.2116696338,489.261791603001,344.60485213824,0.813352001835571,0.24,"A"
"14",24.6036759475334,6785.76253333341,275.802792550342,20.9654903551515,16244.8815282,515.827995447734,344.60485213824,0.800345064322261,0.26,"A"
"15",24.2924875810013,6593.78596161279,271.433130906267,22.2529025088817,15924.9330605585,540.578132929089,344.60485213824,0.78766485504209,0.28,"A"
"16",23.9792516860172,6406.59311015063,267.172353584597,23.502720945872,15609.2199465879,563.57790269676,344.60485213824,0.775300614390129,0.3,"A"
"17",23.6639182070609,6223.99039930688,263.016054435556,24.7163847832523,15297.50978693,584.886501003491,344.60485213824,0.763239556273126,0.32,"A"
"18",23.3465166669908,6045.83904014969,258.961074424339,25.8952652543272,14989.6925361126,604.564231546839,344.60485213824,0.751472513568834,0.34,"A"
"19",23.0270382833654,5871.98445675256,255.003895181538,27.040669549353,14685.6096995967,622.666656792629,344.60485213824,0.739989276411122,0.36,"A"
"20",22.7054683815139,5702.27605478284,251.141088964519,28.1538444012404,14385.1023351289,639.24632476288,344.60485213824,0.728779897921381,0.38,"A"
"21",22.3818061361251,5536.57723604374,247.369546602743,29.235979435665,14088.0367990905,654.354058746307,344.60485213824,0.717835355677202,0.4,"A"
"22",22.0560527033231,5374.75815370606,243.686312596463,30.2882103033884,13794.2875227313,668.038468687853,344.60485213824,0.707147073189518,0.42,"A"
"23",21.7282004452408,5216.6901521917,240.088458560513,31.3116216110688,13503.7232133103,680.345419304256,344.60485213824,0.69670655265237,0.44,"A"
"24",21.3982314851941,5062.2454373651,236.573075717391,32.3072496654721,13216.2059815318,691.31800855386,344.60485213824,0.686505353158779,0.46,"A"
"25",21.0661664991358,4911.31931192392,233.137781006592,33.2760850447404,12931.649841632,700.999754091617,344.60485213824,0.676536559366459,0.48,"A"
"26",20.7319733419798,4763.7876193512,229.779748448022,34.219075009252,12649.9101522511,709.4289560385,344.60485213824,0.66679197063611,0.5,"A"
"27",20.3956703356731,4619.55354087568,226.496774307822,35.1371257635767,12370.9066298665,716.64534198289,344.60485213824,0.657265192008851,0.52,"A"
"28",20.057230678248,4478.5049597295,223.286306647827,36.0311045800996,12094.5111630003,722.68402362367,344.60485213824,0.647948818080643,0.54,"A"
"29",19.7166734045788,4340.55325841711,220.146328406957,36.9018417940376,11820.6516228031,727.581511374283,344.60485213824,0.638836995593562,0.56,"A"
"30",19.3739745300306,4205.59597961387,217.074507509803,37.7501326788018,11549.2118844543,731.369944423448,344.60485213824,0.629922957157675,0.58,"A"
"31",19.0291520025031,4073.55110375427,214.06897707362,38.576739209952,11280.1250588083,734.082821933317,344.60485213824,0.621201285313724,0.6,"A"
"32",18.6821618814205,3944.31649491378,211.127412338528,39.3823917253503,11013.2625018565,735.748071249879,344.60485213824,0.612665233900517,0.62,"A"
"33",18.3330340743933,3817.82139831063,208.248202824386,40.1677904885319,10748.5763765273,736.39733278933,344.60485213824,0.604310129506958,0.64,"A"
"34",17.9817563855938,3693.98226916573,205.429446932403,40.9336071617749,10485.9778074766,736.058143900107,344.60485213824,0.596130453932186,0.66,"A"
"35",17.6283227163733,3572.72100518695,202.669366942584,41.6804861948627,10225.3874885492,734.757271410585,344.60485213824,0.58812104845605,0.68,"A"
"36",17.2727097354428,3453.95681586106,199.966123947171,42.4090461350791,9966.71276821601,732.519150513816,344.60485213824,0.580276576799198,0.7,"A"
"37",16.914935024287,3337.62548388604,197.318256268426,43.1198808635686,9709.90328112705,729.369996532114,344.60485213824,0.572592797356407,0.72,"A"
"38",16.5549860053394,3223.65526022016,194.724130795427,43.8135607628139,9454.88212691665,725.332905710916,344.60485213824,0.565064971044901,0.74,"A"
"39",16.1928574935744,3111.97945697493,192.182229616349,44.4906338196374,9201.58213561511,720.430517480448,344.60485213824,0.557688693075204,0.76,"A"
"40",15.8285437616556,3002.53366783964,189.691086751343,45.1516266678143,8949.93810918221,714.684507305423,344.60485213824,0.550459709357918,0.78,"A"
"41",15.4620467233351,2895.25804293341,187.249339931429,45.7970455740923,8699.89385783244,708.116207985438,344.60485213824,0.54337406675955,0.8,"A"
"42",15.0933470235824,2790.08876180111,184.855536511668,46.4273773711427,8451.37685079827,700.744608244856,344.60485213824,0.536427549886942,0.82,"A"
"43",14.7224390527532,2686.96831809779,182.508367565312,47.0430903407214,8204.32907034511,692.58886373469,344.60485213824,0.529616360399065,0.84,"A"
"44",14.3493448402199,2585.8486387144,180.206738879569,47.6446350500872,7958.71731176635,683.669320697611,344.60485213824,0.522937323027822,0.86,"A"
"45",13.9740180537344,2486.66502281646,177.949177770807,48.2324451445151,7714.45342687748,674.000757226345,344.60485213824,0.516386164230278,0.88,"A"
"46",13.5965023732838,2389.37862660996,175.734800098658,48.8069380985488,7471.52507051406,663.603620021278,344.60485213824,0.509960318342128,0.9,"A"
"47",13.2167549103808,2293.92965036729,173.562244735701,49.3685159284537,7229.85128728041,652.491564844237,344.60485213824,0.503655835542547,0.92,"A"
"48",12.8347831520868,2200.27314716624,171.43048862563,49.9175658681697,6989.39361275287,640.681172273576,344.60485213824,0.497469747050631,0.94,"A"
"49",12.4505858934578,2108.3634412414,169.338492122627,50.4544610109049,6750.10797618631,628.187796695477,344.60485213824,0.491399035944789,0.96,"A"
"50",12.0641343940701,2018.14998516486,167.285104694859,50.9795609183734,6511.93119153296,615.024271804569,344.60485213824,0.485440363526142,0.98,"A"
"51",11.6754395343558,1929.59317812969,165.26942497126,51.4932121995456,6274.8317319203,601.205665174011,344.60485213824,0.479591114129065,1,"A"
"52",11.2845295127792,1842.65830280089,163.290662735577,51.9957490606596,6038.79118904416,586.74771330768,344.60485213824,0.473848994645241,1.02,"A"
"53",10.8913400390999,1757.29148642122,161.34759176672,52.487493828126,5803.72545809811,571.659163140599,344.60485213824,0.468210446735075,1.04,"A"
"54",10.4959055731802,1673.4620909034,159.439514697955,52.9687574458588,5569.62333500312,555.955187492153,344.60485213824,0.462673446727891,1.06,"A"
"55",10.0981962838112,1591.12679624573,157.565445504018,53.4398399484607,5336.42897808062,539.645998763782,344.60485213824,0.457235133302214,1.08,"A"
"56",9.69822657462338,1510.25282342231,155.724638087346,53.9010309116075,5104.11872468875,522.7444404532,344.60485213824,0.451893341376622,1.1,"A"
"57",9.29598248948753,1430.80265870369,153.916238581746,54.3526098808864,4872.6503855233,505.260953195919,344.60485213824,0.446645593138665,1.12,"A"
"58",8.89145984039994,1352.74194240044,152.139464911489,54.7948467802689,4641.98966307984,487.206243861779,344.60485213824,0.441489619102803,1.14,"A"
"59",8.48465469763678,1276.03742827152,150.393560344528,55.228002301323,4412.103465998,468.590640237752,344.60485213824,0.436423223327676,1.16,"A"
"60",8.07555879987104,1200.65610144818,148.677773415179,55.6523282742046,4182.95694371808,449.423793761127,344.60485213824,0.431444225154254,1.18,"A"
"61",7.66414403320271,1126.56246550441,146.991296173963,56.0680680214016,3954.50395683288,429.713646513057,344.60485213824,0.426550280014619,1.2,"A"
"62",7.2504687111437,1053.73739612047,145.333693323979,56.4754566951488,3726.75339165682,409.473662279646,344.60485213824,0.421740124731842,1.22,"A"
"63",6.83444362148886,982.136588344884,143.703956421098,56.8747215993724,3499.62323209057,388.706961596892,344.60485213824,0.41701083292771,1.24,"A"
"64",6.41614723631441,911.745826927808,142.101761905878,57.2660824969776,3273.13559682718,367.427684180444,344.60485213824,0.412361465673366,1.26,"A"
"65",5.99550636161791,842.525818424292,140.526215403253,57.6497519032373,3047.2211925385,345.639436576574,344.60485213824,0.407789427604694,1.28,"A"
"66",5.57256865453275,774.458326879748,138.976901836786,58.0259353660036,2821.88402706573,323.353640658723,344.60485213824,0.403293514222007,1.3,"A"
"67",5.14728010407589,707.509333501784,137.453046890054,58.3948317334145,2597.06898087386,300.574643032889,344.60485213824,0.398871478556297,1.32,"A"
"68",4.71965330173517,641.65640555573,135.954139961896,58.7566334097341,2372.76085113327,277.310960859761,344.60485213824,0.394521838907126,1.34,"A"
"69",4.28967621024347,576.873932851587,134.479598127721,59.111526599926,2148.93089675429,253.569211726661,344.60485213824,0.390242903700537,1.36,"A"
"70",3.85739188213125,513.145137006873,133.029039487519,59.459691543526,1925.58144328096,229.359359194291,344.60485213824,0.386033564710672,1.38,"A"
"71",3.4227433731517,450.439048998314,131.601759141979,59.8013027383469,1702.66004336739,204.684574179555,344.60485213824,0.381891776408262,1.4,"A"
"72",2.98572433464381,388.733076288544,130.197242852602,60.1365291545202,1480.14342615406,179.551125089251,344.60485213824,0.377816046537769,1.42,"A"
"73",2.54634385168687,328.007382877236,128.815039123621,60.4655344393506,1258.01706907936,153.966046667331,344.60485213824,0.373805064915181,1.44,"A"
"74",2.10459886638851,268.240953177523,127.454669610188,60.7884771134312,1036.26035034238,127.935361626407,344.60485213824,0.369857443443829,1.46,"A"
"75",1.66048228778177,209.412814569888,126.115656945454,61.1055107584454,814.851118985507,101.464624078807,344.60485213824,0.365971796865072,1.48,"A"
"76",1.21399569075093,151.503703283534,124.797562658414,61.4167841970552,593.772206290938,74.5597362667286,344.60485213824,0.362146852791123,1.5,"A"
"77",0.765100245717046,94.4897607563215,123.499843694033,61.7224416652574,372.98676022969,47.2238586399142,344.60485213824,0.358381035344478,1.52,"A"
"78",0.313839768805625,38.3581897428764,122.222208768684,62.0226229775646,152.499817359211,19.4651738659885,344.60485213824,0.354673499256631,1.54,"A"
"79",6.23097276737177e-05,0.00756124143472465,121.349293553629,62.317463685352,0.030275926312224,0.00389535013847712,344.60485213824,0.352140408936985,1.56,"A"
"80",4.71606095411029e-05,0.00572290467802165,121.349251710452,62.607095228691,0.0230783404509648,0.00299264142849824,344.60485213824,0.352140287513342,1.58,"A"
"81",5.59798019741442e-05,0.0067931084440944,121.349276069822,62.8916450819745,0.0275886857506332,0.00360516219030193,344.60485213824,0.352140358201174,1.6,"A"
"82",4.57389721539976e-05,0.00555038986529032,121.349247783768,63.1712368936222,0.0227013185349783,0.00298904760082587,344.60485213824,0.352140276118598,1.62,"A"
"83",6.63641749816e-05,0.00805324649448169,121.349304752369,63.4459906201393,0.0331706892505833,0.00440017578518133,344.60485213824,0.352140441434321,1.64,"A"
"84",4.87240866540202e-05,0.00591263166615351,121.34925602891,63.7160226547883,0.0245251163205497,0.00327723603069756,344.60485213824,0.352140300044964,1.66,"A"
"85",5.82650564287477e-05,0.00707042278556909,121.349282381894,63.9814459511183,0.0295333881434578,0.00397502450720425,344.60485213824,0.352140376518013,1.68,"A"
"86",7.33842586417242e-05,0.0089051301888688,121.349324142461,64.2423701415875,0.0374573238591637,0.00507742300147347,344.60485213824,0.352140497701934,1.7,"A"
"87",6.88545911672804e-05,0.00835545724079153,121.349311631118,64.4989016514975,0.0353904655930442,0.00483085998490666,344.60485213824,0.352140461395588,1.72,"A"
"88",6.0926997087054e-05,0.00739344782216424,121.349289734406,64.7511438084517,0.0315336106902378,0.00433407330467746,344.60485213824,0.35214039785408,1.74,"A"
"89",3.99315737558457e-05,0.00484566579757037,121.349231743239,64.9991969475355,0.0208104698691695,0.00287967092574014,344.60485213824,0.352140229570998,1.76,"A"
"90",5.96006239146721e-05,0.00723249316142255,121.349286070848,65.2431585124095,0.031275866887374,0.00435676368809614,344.60485213824,0.352140387222893,1.78,"A"
"91",5.20061152849024e-05,0.00631090387022485,121.349265094156,65.4831231524943,0.0274787513901234,0.0038530240655125,344.60485213824,0.352140326351168,1.8,"A"
"92",7.0139184833195e-05,0.0085113420467411,121.349315179279,65.7191828164192,0.0373146043128625,0.00526612505955822,344.60485213824,0.352140471691906,1.82,"A"
"93",6.1944295366312e-05,0.00751689641985545,121.349292544273,65.9514268418965,0.0331807380551833,0.00471264332670376,344.60485213824,0.352140406007961,1.84,"A"
"94",4.66379824780717e-05,0.00565948420767536,121.349250266912,66.1799420421778,0.0251525703076935,0.00359489942796159,344.60485213824,0.352140283324368,1.86,"A"
"95",6.26588807028391e-05,0.00760361096857832,121.34929451802,66.4048127892368,0.0340231770561489,0.00489289312046056,344.60485213824,0.352140411735528,1.88,"A"
"96",6.06071574269357e-05,0.0073546354530381,121.349288850981,66.6261210938222,0.0331327169147035,0.0047939778491452,344.60485213824,0.352140395290491,1.9,"A"
"97",6.27716062624983e-05,0.00761729015526154,121.349294829378,66.8439466825112,0.0345484712523754,0.00502896339404475,344.60485213824,0.352140412639049,1.92,"A"
"98",6.18349225001953e-05,0.00750362408124848,121.349292242176,67.0583670718922,0.0342628437631004,0.00501703553049386,344.60485213824,0.352140405131312,1.94,"A"
"99",5.99333822209163e-05,0.00727287319940464,121.349286989955,67.2694576399969,0.0334328937664528,0.00492420600146394,344.60485213824,0.352140389890028,1.96,"A"
"100",5.8476916729707e-05,0.00709613191527502,121.34928296707,67.4772916950977,0.0328395283187997,0.00486477570094533,344.60485213824,0.352140378216122,1.98,"A"
"101",6.16007186124245e-05,0.00747520356537813,121.349291595284,67.6819405419798,0.0348254906032343,0.00518839262139768,344.60485213824,0.352140403254114,2,"A"
"102",35.9886392908712,24148.5275590945,671.004184512748,0,39209.8540065311,0,696.957795469759,0.962761574480248,0,"B"
"103",35.4111190360043,22150.9294628821,625.535991685552,13.8049563272925,36929.0564233126,488.848942361988,671.004205498092,0.932238556122329,0.1,"B"
"104",34.832461870407,20403.6562100347,585.765550708009,25.5588707364426,34899.7108304401,890.278434584236,671.004205498092,0.872968523756405,0.2,"B"
"105",34.2528735140458,18862.9512716122,550.696900330922,35.6465480640423,33078.1317255835,1220.99658213784,671.004205498092,0.820705586967425,0.3,"B"
"106",33.6725376821981,17494.64105278,519.552200606165,44.3662725211047,31430.2149057908,1493.92473953054,671.004205498092,0.774290528060844,0.4,"B"
"107",33.0916097778654,16271.6363540409,491.714862566911,51.9523973081813,29928.9229261383,1719.18810705917,671.004205498092,0.732804442264124,0.5,"B"
"108",32.5102228378028,15172.1988429869,466.690090642648,58.5912534091188,28552.5604742083,1904.81430719341,671.004205498092,0.695509933944781,0.6,"B"
"109",31.9284887436896,14178.684723571,444.076286772993,64.432569761666,27283.5175282055,2057.23423243088,671.004205498092,0.661808500057539,0.7,"B"
"110",31.3465000317451,13276.6272422038,423.544166932778,69.5978121859262,26107.3527173829,2181.6476391873,671.004205498092,0.63120940742596,0.8,"B"
"111",30.7643313102949,12454.0546692841,404.821237415179,74.1863661387456,25012.1117207543,2282.29397614887,671.004205498092,0.603306557690912,0.9,"B"
"112",30.1820409301211,11700.9769689475,387.680110700206,78.2801843241364,23987.8148772287,2362.65588989922,671.004205498092,0.57776107440702,1,"B"
"113",29.5996752668095,11008.9971063597,371.929658252171,81.9473241022154,23026.0727190161,2425.61468253557,671.004205498092,0.554288118024662,1.1,"B"
"114",29.0172595713628,10370.9961590678,357.407843203185,85.2446705341501,22119.7584870061,2473.56668318175,671.004205498092,0.532646204412204,1.2,"B"
"115",28.4348219717518,9780.92260028139,343.976924138935,88.2200542871234,21262.8260138356,2508.52141231529,671.004205498092,0.512630057040549,1.3,"B"
"116",27.8523690809862,9233.57738132999,331.51856326769,90.9139145128181,20450.0637349099,2532.16765782215,671.004205498092,0.494063316669679,1.4,"B"
"117",27.2699012865887,8724.48193270605,319.930821935052,93.3606158342518,19676.9807627518,2545.93438492866,671.004205498092,0.476794063753393,1.5,"B"
"118",26.6874107962101,8249.75600881116,309.125380195471,95.5894997543054,18939.6814629376,2551.03570198136,671.004205498092,0.460690674756657,1.6,"B"
"119",26.1048825758925,7806.02170218342,299.025352038632,97.6257302566613,18234.7698686026,2548.50756446177,671.004205498092,0.445638566179571,1.7,"B"
"120",25.5223001490561,7390.3287146948,289.563584454911,99.4909785465785,17559.2800144951,2539.23861592039,671.004205498092,0.431537659648445,1.8,"B"
"121",24.9396239205623,7000.0746975327,280.680844259294,101.20398105967,16910.5751853902,2523.98897854511,671.004205498092,0.418299679732919,1.9,"B"
"122",24.3568239059047,6632.97550523196,272.325141030558,102.78099688565,16286.3496429996,2503.41767200358,671.004205498092,0.405847144919769,2,"B"
"123",23.7738805162427,6287.01848766722,264.450663970142,104.236184807742,15684.5800535342,2478.09863590111,671.004205498092,0.394111783209821,2.1,"B"
"124",23.1907308483653,5960.39410711048,257.016225408464,105.581915687027,15103.4101183591,2448.52174445322,671.004205498092,0.383032212469784,2.2,"B"
"125",22.6073316754669,5651.50369795849,249.985437427426,106.82903252933,14541.2143456895,2415.11839616514,671.004205498092,0.372554203653403,2.3,"B"
"126",22.0236642213502,5358.93205874565,243.326088015389,107.987067978581,13996.5712002447,2378.27133608017,671.004205498092,0.362629751082955,2.4,"B"
"127",21.4396423377851,5081.37948919658,237.008594133177,109.064426981941,13468.1218033252,2338.30231114302,671.004205498092,0.353214767047911,2.5,"B"
"128",20.8552292619403,4817.70240739174,231.006926218922,110.068540820712,12954.7043820963,2295.50414248505,671.004205498092,0.344270459597856,2.6,"B"
"129",20.2703875745687,4566.87019890822,225.297626012727,111.005997488854,12455.2692525454,2250.13496950452,671.004205498092,0.335761868803023,2.7,"B"
"130",19.6850339018734,4327.9335628747,219.859086067554,111.882652447601,11968.8152732895,2202.41367453731,671.004205498092,0.32765679300676,2.8,"B"
"131",19.0991372343295,4100.05436815933,214.672229318806,112.703723030367,11494.491194839,2152.54415889621,671.004205498092,0.31992680159054,2.9,"B"
"132",18.5126173247726,3882.45359294009,209.719324114413,113.473869171881,11031.4707891013,2100.69786909875,671.004205498092,0.312545469009001,3,"B"
"133",17.9254438203746,3674.4410015204,204.984659701643,114.197262655272,10579.0512169659,2047.03656683852,671.004205498092,0.30548938147039,3.1,"B"
"134",17.3375414350168,3475.37195890329,200.453563264976,114.877646684601,10136.5453868084,1991.69597395591,671.004205498092,0.298736672024548,3.2,"B"
"135",16.7488555679974,3284.66493427118,196.112798330371,115.518387278215,9703.34365085026,1934.8008288374,671.004205498092,0.292267614306224,3.3,"B"
"136",16.1593280903251,3101.78671458835,191.95022820568,116.122517724917,9278.88268171612,1876.46192599396,671.004205498092,0.286064120959113,3.4,"B"
"137",15.568899528854,2926.24813181961,187.954718726033,116.692777138306,8862.64271702262,1816.77813069351,671.004205498092,0.280109598696945,3.5,"B"
"138",14.9775120585734,2757.60044877417,184.116055990466,117.166860394996,8454.1457335617,1754.86799181162,671.004205498092,0.274388825706085,3.6,"B"
"139",14.3851100892966,2595.43142967517,180.42485692246,117.166860394996,8052.95171644405,1685.4581701772,671.004205498092,0.26888781835358,3.7,"B"
"140",13.7916257010546,2439.35795328967,176.8724011342,117.166860394996,7658.64309104163,1615.92111448557,671.004205498092,0.263593580613859,3.8,"B"
"141",13.1970211026381,2289.03405114966,173.450813887997,117.166860394996,7270.85642038002,1546.25348219243,671.004205498092,0.258494376736794,3.9,"B"
"142",12.6012275674045,2144.13211787996,170.152638416449,117.166860394996,6889.22958716116,1476.44657191093,671.004205498092,0.253579093874893,4,"B"
"143",12.0041712690107,2004.34786483567,166.970948674316,117.166860394996,6513.42191769237,1406.49098961458,671.004205498092,0.248837410117827,4.1,"B"
"144",11.4058237434024,1869.40946411779,163.899557469415,117.166860394996,6143.14910023061,1336.38470106637,671.004205498092,0.244260104670656,4.2,"B"
"145",10.8061088796067,1739.05387553985,160.932477630481,117.166860394996,5778.11100099106,1266.11791751592,671.004205498092,0.239838254830339,4.3,"B"
"146",10.2049783836247,1613.04255637225,158.064279583443,117.166860394996,5418.04653110686,1195.68530557139,671.004205498092,0.235563768882955,4.4,"B"
"147",9.60237856233014,1491.15222551748,155.28988113083,117.166860394996,5062.70719852032,1125.08062135016,671.004205498092,0.231429072811186,4.5,"B"
"148",8.9982547195558,1373.17451871493,152.604539603733,117.166860394996,4711.85910876655,1054.29744097268,671.004205498092,0.227427098598367,4.6,"B"
"149",8.39254515414016,1258.9136541068,150.003798726749,117.166860394996,4365.27795134586,983.328311308366,671.004205498092,0.223551205041107,4.7,"B"
"150",7.78518482975693,1148.18617213808,147.48348269773,117.166860394996,4022.75071078628,912.165364007861,671.004205498092,0.219795168926328,4.8,"B"
"151",7.17618126674246,1040.83314501101,145.039974092444,117.166860394996,3684.12142553257,840.810983476942,671.004205498092,0.216153599193584,4.9,"B"
"152",6.56539629714129,936.680575975121,142.669312495724,117.166860394996,3349.15430092379,769.246911165332,671.004205498092,0.212620593621794,5,"B"
"153",5.95283702737785,835.58987160323,140.368343322729,117.166860394996,3017.71354676769,697.47534570503,671.004205498092,0.209191450921731,5.1,"B"
"154",5.33842535064842,737.416905195145,138.133786043403,117.166860394996,2689.62067166254,625.486584609184,671.004205498092,0.205861282107561,5.2,"B"
"155",4.72212248265877,642.032527348223,135.962701032424,117.166860394996,2364.72925757118,553.276309349971,671.004205498092,0.202625706245012,5.3,"B"
"156",4.10387653370557,549.313217699385,133.852276789474,117.166860394996,2042.8930835569,480.838398539139,671.004205498092,0.199480533344965,5.4,"B"
"157",3.48363421729568,459.142510442937,131.799862386059,117.166860394996,1723.97267405309,408.166560269098,671.004205498092,0.196421812719076,5.5,"B"
"158",2.86133576678957,371.409795357668,129.802940175173,117.166860394996,1407.83218885029,335.253712835417,671.004205498092,0.193445792308886,5.6,"B"
"159",2.23695720441365,286.015664840291,127.859247497433,117.166860394996,1094.36108735801,262.097266984384,671.004205498092,0.190549100064912,5.7,"B"
"160",1.61043706475734,202.861172354507,125.966532188002,117.166860394996,783.434791541649,188.689886332976,671.004205498092,0.187728379577735,5.8,"B"
"161",0.981700088298545,121.851195982497,124.122629135835,117.166860394996,474.928011392801,115.022677165268,671.004205498092,0.184980404174513,5.9,"B"
"162",0.350765082891626,42.9076053396962,122.325759981512,117.166860394996,168.767339400204,41.0980457575485,671.004205498092,0.182302523559757,6,"B"
"163",7.21149515839577e-05,0.00875110038244897,121.349320636522,117.166860394996,0.0347325018236541,0.00850382247215905,671.004205498092,0.180847332464099,6.1,"B"
"164",5.69482767996714e-05,0.00691063231540129,121.349278744834,117.166860394996,0.0276741714893837,0.00681188673193584,671.004205498092,0.180847270032764,6.2,"B"
"165",6.91032388694047e-05,0.00838563051574217,121.349312317905,117.166860394996,0.0338798249224283,0.00838337595329126,671.004205498092,0.180847320066834,6.3,"B"
"166",7.23599574320512e-05,0.00878083172463509,121.34932131325,117.166860394996,0.0357895131192555,0.00890204626757694,671.004205498092,0.180847333472629,6.4,"B"
"167",7.49584732023115e-05,0.00909616038777978,121.349328490582,117.166860394996,0.0373989986307614,0.00935023417643138,671.004205498092,0.180847344169033,6.5,"B"
"168",5.53512797765288e-05,0.00671683763432832,121.349274333789,117.166860394996,0.0278558463416684,0.00699971537402111,671.004205498092,0.180847263458969,6.6,"B"
"169",5.84434591259918e-05,0.00709207185365347,121.349282874658,117.166860394996,0.0296649109305037,0.0074917358924641,671.004205498092,0.180847276187455,6.7,"B"
"170",4.37274116351134e-05,0.00530628826649825,121.349242227666,117.166860394996,0.0223845707909141,0.00568117590340569,671.004205498092,0.180847215611097,6.8,"B"
"171",7.26684363220308e-05,0.00881826549049044,121.349322165296,117.166860394996,0.0375145296805794,0.00956785195973841,671.004205498092,0.180847334742437,6.9,"B"
"172",5.37961390771676e-05,0.00652812220789618,121.349270038356,117.166860394996,0.0280049099189396,0.00717712877591911,671.004205498092,0.180847257057469,7,"B"
"173",6.15898575128402e-05,0.00747388557678998,121.349291565285,117.166860394996,0.0323291156102002,0.00832508796172197,671.004205498092,0.180847289139128,7.1,"B"
"174",6.40653511990999e-05,0.00777428541994073,121.349298402815,117.166860394996,0.0339064219381191,0.00877269248564664,671.004205498092,0.180847299329125,7.2,"B"
"175",3.63021077477377e-05,0.00440523252192356,121.349221718347,117.166860394996,0.019370362121926,0.00503526974237638,671.004205498092,0.180847185045985,7.3,"B"
"176",6.15338228571906e-05,0.00746708580150004,121.349291410512,117.166860394996,0.0331010261949447,0.00864448729583434,671.004205498092,0.18084728890847,7.4,"B"
"177",4.91305054353325e-05,0.00596195033805405,121.349257151474,117.166860394996,0.0266424846335801,0.00698979744245806,671.004205498092,0.180847237852101,7.5,"B"
"178",6.59500577775514e-05,0.00800299358424887,121.34930360854,117.166860394996,0.0360504059882446,0.00950105797626841,671.004205498092,0.180847307087236,7.6,"B"
"179",6.04585148878624e-05,0.00733659776180648,121.349288440417,117.166860394996,0.0333119147498101,0.0088188861518696,671.004205498092,0.180847284482127,7.7,"B"
"180",5.92761216366665e-05,0.0071931149885288,121.349285174544,117.166860394996,0.032918917735035,0.00875372542358213,671.004205498092,0.180847279614985,7.8,"B"
"181",5.54225725406036e-05,0.00672548897042769,121.349274530706,117.166860394996,0.0310208075253431,0.00828543076862138,671.004205498092,0.180847263752435,7.9,"B"
"182",5.183739019431e-05,0.00629042918032057,121.349264628123,117.166860394996,0.0292407010446995,0.00784415664654686,671.004205498092,0.180847248994578,8,"B"
"183",4.68598780418124e-05,0.00568641109669301,121.349250879806,117.166860394996,0.0266380321663757,0.00717694161819231,671.004205498092,0.180847228505412,8.1,"B"
"184",5.49270240639003e-05,0.0066653544471037,121.349273161958,117.166860394996,0.0314645949411918,0.008513751409612,671.004205498092,0.180847261712585,8.2,"B"
"185",5.20931969280744e-05,0.00632147117615678,121.349265334683,117.166860394996,0.0300698455339553,0.00817099094534244,671.004205498092,0.180847250047567,8.3,"B"
"186",5.4742141381764e-05,0.0066429190400515,121.349272651296,117.166860394996,0.031839463830605,0.00868835502296628,671.004205498092,0.180847260951543,8.4,"B"
"187",5.75387245608689e-05,0.00698228281919717,121.349280375702,117.166860394996,0.0337192614760031,0.00923979007033878,671.004205498092,0.180847272463253,8.5,"B"
"188",3.11524461969953e-05,0.00378032465752198,121.34920749455,117.166860394996,0.0183934876099247,0.00506109745429855,671.004205498092,0.180847163848207,8.6,"B"
"189",3.46192685272649e-05,0.00420102113132674,121.349217070204,117.166860394996,0.0205932643173663,0.00568966980806168,671.004205498092,0.180847178118839,8.7,"B"
"190",3.82471246793121e-05,0.00464125901827418,121.349227090648,117.166860394996,0.0229204362208236,0.00635844671875998,671.004205498092,0.180847193052344,8.8,"B"
"191",5.73834545269928e-05,0.00696344088771239,121.349279946833,117.166860394996,0.0346425240733694,0.00964915628282464,671.004205498092,0.180847271824107,8.9,"B"
"192",3.93391675467778e-05,0.00477377769485032,121.349230106963,117.166860394996,0.02392371413432,0.00669030261721977,671.004205498092,0.180847197547569,9,"B"
"193",5.15341999494011e-05,0.00625363722390178,121.349263790685,117.166860394996,0.0315691205757636,0.00886345382204797,671.004205498092,0.180847247746542,9.1,"B"
"194",3.37758195830908e-05,0.00409866918362578,121.349214740527,117.166860394996,0.020841023225708,0.00587447667729152,671.004205498092,0.180847174646913,9.2,"B"
"195",4.52147808083244e-05,0.00548677957433339,121.349246335907,117.166860394996,0.028101105598053,0.00795187941208842,671.004205498092,0.180847221733623,9.3,"B"
"196",5.3777909639526e-05,0.00652591007623737,121.349269988005,117.166860394996,0.0336635884242009,0.00956290600074678,671.004205498092,0.18084725698243,9.4,"B"
"197",3.75375698178274e-05,0.00455515501068659,121.349225130798,117.166860394996,0.0236657332727564,0.00674869313763487,671.004205498092,0.180847190131572,9.5,"B"
"198",4.74645135611347e-05,0.00575978324328645,121.349252549861,117.166860394996,0.0301373327874047,0.00862704702252845,671.004205498092,0.180847230994302,9.6,"B"
"199",3.0684787645162e-05,0.00372357462324305,121.349206202838,117.166860394996,0.0196211888042762,0.00563803742211992,671.004205498092,0.180847161923164,9.7,"B"
"200",4.19844621409535e-05,0.0050947824640203,121.349237413491,117.166860394996,0.0270360044710042,0.00779791194918032,671.004205498092,0.180847208436515,9.8,"B"
"201",4.26222911546839e-05,0.005172182603526,121.349239175229,117.166860394996,0.027639339323759,0.00800174643619172,671.004205498092,0.180847211062039,9.9,"B"
"202",2.99246302378042e-05,0.00363133006244067,121.349204103219,117.166860394996,0.0195407896796729,0.00567817673560306,671.004205498092,0.180847158794095,10,"B"
"203",36.2845105577494,25288.7717015766,696.957773795176,0,39480.7552845132,0,696.957795469759,0.999999968901155,0,"C"
"204",35.7622135712845,23331.6891734583,652.41177330792,13.8339812174322,37282.9930241477,494.73377657502,696.957795469759,0.936085050699787,0.1,"C"
"205",35.2418780804648,21615.8306109789,613.356375662651,25.6571619796689,35328.4739883916,904.206563818718,696.957795469759,0.880048088491844,0.2,"C"
"206",34.7235073307253,20099.2256400889,578.836275052895,35.8415216182023,33575.207764997,1244.54287322107,696.957795469759,0.830518402714402,0.3,"C"
"207",34.2071038754708,18749.1052863528,548.105602701939,44.6759208980882,31990.4242182878,1528.233708207,696.957795469759,0.786425815543837,0.4,"C"
"208",33.6926403348668,17539.4460803532,520.572027185488,52.3877539247775,30548.0607177203,1765.08146637,696.957795469759,0.746920445641355,0.5,"C"
"209",33.1800911338068,16449.3826243518,495.76062217598,59.1582012024552,29227.2312489427,1962.87411390462,696.957795469759,0.711320865335656,0.6,"C"
"210",32.6694187662802,15461.9646710572,473.285575775725,65.1331830872257,28010.9560851547,2127.86278305819,696.957795469759,0.679073508972985,0.7,"C"
"211",32.1605781185119,14563.2869235223,452.830383516632,70.431361378842,26885.2977887221,2265.11286998507,696.957795469759,0.649724253692317,0.8,"C"
"212",31.653517577785,13741.8361827055,434.132988503931,75.1500749536841,25838.7088036364,2378.76390311836,696.957795469759,0.62289709839793,0.9,"C"
"213",31.148179958641,12987.9993320281,416.974582440252,79.3698042055966,24861.5397566297,2472.22482118098,696.957795469759,0.598278095389127,1,"C"
"214",30.6445032668501,12293.6877770998,401.171057336034,83.1575712919018,23945.6641238292,2548.32254135684,696.957795469759,0.575603085213559,1.1,"C"
"215",30.1424215864055,11652.0477506365,386.56641163468,86.5695595513887,23084.1890216866,2609.41634167565,696.957795469759,0.554648235728721,1.2,"C"
"216",29.6418678336164,11057.2364233935,373.02765417683,89.6531525182533,22271.2340056085,2657.48733975679,696.957795469759,0.535222730273652,1.3,"C"
"217",29.1427647218703,10504.2324595069,360.440492168678,92.4485363487449,21501.7306340545,2694.20561409293,696.957795469759,0.517162580735232,1.4,"C"
"218",28.6450506115216,9988.72229136468,348.706742635219,94.9899702324635,20771.3378916575,2720.99240343466,696.957795469759,0.500326913482883,1.5,"C"
"219",28.1486442503713,9506.94687925501,337.740844450425,97.3068017568587,20076.2484075346,2739.05435155787,696.957795469759,0.484592964804681,1.6,"C"
"220",27.6534722392974,9055.63944298564,327.468441019749,99.4242845178558,19413.1570803413,2749.42637523673,696.957795469759,0.469854047330128,1.7,"C"
"221",27.1594590726398,8631.93930829108,317.824419301002,101.364241070801,18779.1633746313,2752.99749995873,696.957795469759,0.456016736403363,1.8,"C"
"222",26.6665290533241,8233.33219856592,308.751550758707,103.14560395158,18171.7135081246,2750.53465061553,696.957795469759,0.442998920114817,1.9,"C"
"223",26.1746065644975,7857.59956317355,300.199338003857,104.784859851341,17588.5498668215,2742.70178100497,696.957795469759,0.430728144451729,2,"C"
"224",25.6836162802395,7502.77650940847,292.123057265147,106.296416330672,17027.6689901927,2730.07562521038,696.957795469759,0.419140239429063,2.1,"C"
"225",25.1934878263185,7167.11968806021,284.48302741842,107.692906174039,16487.2933903176,2713.15987038622,696.957795469759,0.408178270287765,2.2,"C"
"226",24.7041333713176,6849.06280657781,277.243597402604,108.985441234443,15965.8075433858,2692.3903112218,696.957795469759,0.397791084631944,2.3,"C"
"227",24.2154864567229,6547.21803603412,270.373178244224,110.18382513177,15461.7932023399,2668.1537338202,696.957795469759,0.387933358377875,2.4,"C"
"228",23.7274892418753,6260.34432695219,263.843521880253,111.296732251811,14973.9850691922,2640.79205386275,696.957795469759,0.378564561003896,2.5,"C"
"229",23.2400463345709,5987.30335112477,257.628718330837,112.331859005064,14501.1900626597,2610.59756092494,696.957795469759,0.369647516686705,2.6,"C"
"230",22.7530976684191,5727.08729582309,251.705828335286,113.296052141424,14042.3742641517,2577.83612556093,696.957795469759,0.361149312011974,2.7,"C"
"231",22.2665744194206,5478.77934001003,246.053983734091,114.1954180019,13596.587326493,2542.74098549616,696.957795469759,0.353040005196078,2.8,"C"
"232",21.7804094939484,5241.5485997675,240.654272419619,115.035415864327,13162.9659423989,2505.51922155784,696.957795469759,0.345292461012527,2.9,"C"
"233",21.2945106627249,5014.62803593588,235.489235482351,115.820937963493,12740.6927728135,2466.34905375687,696.957795469759,0.33788162929382,3,"C"
"234",20.8088606740352,4797.35235412459,230.543729869392,116.556378304669,12329.1053468658,2425.40531574949,696.957795469759,0.33078578268,3.1,"C"
"235",20.3233639737748,4589.07937202368,225.80313859189,117.245692018183,11927.508446179,2382.82726113471,696.957795469759,0.323983948611544,3.2,"C"
"236",19.8379536762869,4389.23396020532,221.254370880599,117.89244670249,11535.2946246544,2338.7449893846,696.957795469759,0.317457344359668,3.3,"C"
"237",19.3525703267759,4197.29170403451,216.88549030757,118.499866959264,11151.9120360743,2293.27633779301,696.957795469759,0.311188843452689,3.4,"C"
"238",18.867170511259,4012.77669969732,212.6856646206,119.070873125049,10776.8671855119,2246.53017610774,696.957795469759,0.305162903698132,3.5,"C"
"239",18.3816767694861,3835.23824292795,208.644635145283,119.543654249538,10409.6698378915,2197.41237282115,696.957795469759,0.299364805877024,3.6,"C"
"240",17.896041082904,3664.27141822015,204.753185424938,119.543654249538,10049.8941913512,2139.35793588061,696.957795469759,0.293781326151796,3.7,"C"
"241",17.4102022334182,3499.49761852831,201.002697821118,119.543654249538,9697.13241029296,2081.27920825377,696.957795469759,0.288400099873536,3.8,"C"
"242",16.9241018460226,3340.56762877664,197.385223698694,119.543654249538,9351.00788415144,2023.16901639562,696.957795469759,0.283209722284049,3.9,"C"
"243",16.4376877482305,3187.15988601707,193.893443824552,119.543654249538,9011.17527343733,1965.0213210383,696.957795469759,0.278199691695629,4,"C"
"244",15.9509059005283,3038.97541424337,190.52055307672,119.543654249538,8677.31067392402,1906.82961815959,696.957795469759,0.273360244070886,4.1,"C"
"245",15.4637103275095,2895.73874870036,187.260281482958,119.543654249538,8349.11811631649,1848.58882440887,696.957795469759,0.268682383209076,4.2,"C"
"246",14.9760317735749,2757.18695418897,184.106644261666,119.543654249538,8026.30148855337,1790.28948590648,696.957795469759,0.264157522103007,4.3,"C"
"247",14.4878379554924,2623.08535870526,181.054299942031,119.543654249538,7708.61307294349,1731.92889980066,696.957795469759,0.259777996772384,4.4,"C"
"248",13.999093517928,2493.2139167741,178.098239973978,119.543654249538,7395.81751755469,1673.50355032016,696.957795469759,0.25553662091395,4.5,"C"
"249",13.50970114464,2367.3511902566,175.233424108412,119.543654249538,7087.64635455287,1614.99901959882,696.957795469759,0.251426162742469,4.6,"C"
"250",13.0196675691473,2245.31636210047,172.455736690328,119.543654249538,6783.9251734064,1556.41906613037,696.957795469759,0.24744071708688,4.7,"C"
"251",12.5289154173886,2126.91934376989,169.760851032484,119.543654249538,6484.42747261006,1497.75275088556,696.957795469759,0.243574075985567,4.8,"C"
"252",12.0374007391152,2011.99010736698,167.144897056477,119.543654249538,6188.96396769443,1438.99493049108,696.957795469759,0.239820686622523,4.9,"C"
"253",11.5450944812636,1900.37240801102,164.604318405112,119.543654249538,5897.36617410741,1380.14282383047,696.957795469759,0.23617544631116,5,"C"
"254",11.0519455979832,1791.91450840426,162.135661320235,119.543654249538,5609.45954198596,1321.18995220097,696.957795469759,0.232633399574724,5.1,"C"
"255",10.5579195874074,1686.47730520153,159.735759610541,119.543654249538,5325.08999820809,1262.13248554765,696.957795469759,0.22919000353942,5.2,"C"
"256",10.0629578751645,1583.92485536305,157.401519017802,119.543654249538,5044.09573774476,1202.96275999945,696.957795469759,0.225840818541546,5.3,"C"
"257",9.56703799576872,1484.13643911916,155.130191787214,119.543654249538,4766.34662069997,1143.67875948821,696.957795469759,0.222581902082972,5.4,"C"
"258",9.07011580065354,1386.99382552603,152.919086813213,119.543654249538,4491.70519591432,1084.27501593098,696.957795469759,0.219409392946302,5.5,"C"
"259",8.57214926112662,1292.38586184165,150.765674100242,119.543654249538,4220.0422143152,1024.74639430335,696.957795469759,0.216319661075925,5.6,"C"
"260",8.07309543395046,1200.20740301216,148.66756039633,119.543654249538,3951.23423395784,965.087632472378,696.957795469759,0.213309272616896,5.7,"C"
"261",7.57290649514763,1110.3582110266,146.622464140825,119.543654249538,3685.16093700301,905.292784084291,696.957795469759,0.210374953969773,5.8,"C"
"262",7.07156945224881,1022.74952848686,144.628365088265,119.543654249538,3421.72793093386,845.360929946149,696.957795469759,0.207513806472002,5.9,"C"
"263",6.56906546610113,937.296085610852,142.683322376319,119.543654249538,3160.84146672609,785.290128972783,696.957795469759,0.204723045360514,6,"C"
"264",6.06531493333725,853.906982253353,140.785266987533,119.543654249538,2902.37803997202,725.069874500954,696.957795469759,0.201999701994353,6.1,"C"
"265",5.56032622866692,772.510378149526,138.932563734616,119.543654249538,2646.2683382585,664.70202051792,696.957795469759,0.199341430195173,6.2,"C"
"266",5.05400694551773,693.022093195842,137.123296557886,119.543654249538,2392.39149126938,604.174486165744,696.957795469759,0.196745480786914,6.3,"C"
"267",4.54637544012829,615.379361446779,135.356036814552,119.543654249538,2140.69095177104,543.490364691856,696.957795469759,0.194209803942748,6.4,"C"
"268",4.03738237052378,539.512136490898,133.629190147998,119.543654249538,1891.07685209429,482.643470410623,696.957795469759,0.191732112068465,6.5,"C"
"269",3.52699767073739,465.356678009538,131.941305737309,119.543654249538,1643.47310817926,421.630231856964,696.957795469759,0.1893103235159,6.6,"C"
"270",3.01518918192126,392.851999993426,130.290995453593,119.543654249538,1397.8056979155,360.446790889801,696.957795469759,0.186942446587853,6.7,"C"
"271",2.50191882181563,321.939204836281,128.676918703002,119.543654249538,1154.00071319524,299.088539166887,696.957795469759,0.184626557790738,6.8,"C"
"272",1.98717046929419,252.565124650985,127.0978653083,119.543654249538,911.997853871936,237.553659738678,696.957795469759,0.182360920753652,6.9,"C"
"273",1.47091144079974,184.676799637394,125.552629828608,119.543654249538,671.731164526698,175.83819693391,696.957795469759,0.180143805901452,7,"C"
"274",0.953086594032367,118.220858704339,124.039997461474,119.543654249538,433.126852151229,113.935467904459,696.957795469759,0.177973470226944,7.1,"C"
"275",0.433688173343352,53.1523651501393,122.558945383227,119.543654249538,196.135928701428,51.8446620984513,696.957795469759,0.175848446175454,7.2,"C"
"276",8.07412604111732e-05,0.00979789902202501,121.349344463158,119.543654249538,0.0364130774362711,0.0096713015848789,696.957795469759,0.174112902175615,7.3,"C"
"277",7.2250024673414e-05,0.00876749143704609,121.349321009606,119.543654249538,0.0328145537139535,0.00875695039890823,696.957795469759,0.174112868524292,7.4,"C"
"278",4.22959167811605e-05,0.00513257728348398,121.349238273756,119.543654249538,0.01934509117489,0.00518674377288317,696.957795469759,0.174112749814305,7.5,"C"
"279",6.3542299854736e-05,0.00771081341447309,121.349296958101,119.543654249538,0.0292656072330557,0.00788312689591417,696.957795469759,0.174112834015022,7.6,"C"
"280",7.49632956159201e-05,0.0090967455854314,121.349328503902,119.543654249538,0.0347651329165552,0.00940766214163433,696.957795469759,0.17411287927716,7.7,"C"
"281",6.125822863565e-05,0.00743364259136855,121.349290649297,119.543654249538,0.028604802327049,0.00777595968506935,696.957795469759,0.174112824963104,7.8,"C"
"282",5.08742830209459e-05,0.00617355669773976,121.349261967938,119.543654249538,0.0239183682951945,0.00653137644955942,696.957795469759,0.174112783810886,7.9,"C"
"283",4.4010678335738e-05,0.00534066250040163,121.349243010073,119.543654249538,0.0208319507106586,0.00571403092309069,696.957795469759,0.174112756610007,8,"C"
"284",6.31156146657941e-05,0.00765903539238815,121.349295779559,119.543654249538,0.0300765410668667,0.00828632257582707,696.957795469759,0.174112832324041,8.1,"C"
"285",7.08330038417254e-05,0.00859553664402826,121.349317095669,119.543654249538,0.0339802489782744,0.00940294862227867,696.957795469759,0.174112862908546,8.2,"C"
"286",4.28984569497204e-05,0.00520569514536256,121.349239938023,119.543654249538,0.0207163480212068,0.00575753978729006,696.957795469759,0.174112752202207,8.3,"C"
"287",7.0138982053601e-05,0.00851131743953696,121.349315178719,119.543654249538,0.0340952378275976,0.00951670939940769,696.957795469759,0.174112860158093,8.4,"C"
"288",5.46769051571974e-05,0.00663500266179769,121.349272471108,119.543654249538,0.0267536142554983,0.00749943184852041,696.957795469759,0.17411279888091,8.5,"C"
"289",6.85293991764166e-05,0.00831599535499853,121.349310732909,119.543654249538,0.0337506666621469,0.00950090417088119,696.957795469759,0.174112853779213,8.6,"C"
"290",4.88082892560969e-05,0.00592284960062279,121.349256261485,119.543654249538,0.0241940337884141,0.00683930185123246,696.957795469759,0.174112775623227,8.7,"C"
"291",6.80747831643219e-05,0.0082608279298019,121.349309477219,119.543654249538,0.0339620325510024,0.00964056856556741,696.957795469759,0.174112851977541,8.8,"C"
"292",6.65952937877743e-05,0.00808129264343861,121.349305390739,119.543654249538,0.0334369654599231,0.00953073145608879,696.957795469759,0.17411284611423,8.9,"C"
"293",6.23467496894985e-05,0.00756573403656104,121.349293655887,119.543654249538,0.0315033514457993,0.00901637115797625,696.957795469759,0.174112829276981,9,"C"
"294",5.71508543702829e-05,0.00693521498946288,121.349279304371,119.543654249538,0.0290609192490488,0.00835113640982737,696.957795469759,0.174112808685323,9.1,"C"
"295",5.41124788562079e-05,0.00656650985644802,121.349270912114,119.543654249538,0.027689309904577,0.00798905542422727,696.957795469759,0.174112796644054,9.2,"C"
"296",5.4577933857825e-05,0.00662299255170352,121.349272197741,119.543654249538,0.0281024768130422,0.00814068840643157,696.957795469759,0.17411279848868,9.3,"C"
"297",5.91156989261642e-05,0.00717364778108933,121.349284731442,119.543654249538,0.0306286718884385,0.00890767524662948,696.957795469759,0.174112816472124,9.4,"C"
"298",6.0760496765131e-05,0.00737324309841527,121.349289274518,119.543654249538,0.0316759556567826,0.00924852194524071,696.957795469759,0.174112822990561,9.5,"C"
"299",6.24632213722489e-05,0.00757986781308844,121.349293977592,119.543654249538,0.032764339337175,0.009603673811393,696.957795469759,0.174112829738565,9.6,"C"
"300",3.29004821707334e-05,0.00399244759645789,121.349212322771,119.543654249538,0.0173633468948434,0.00510916643646152,696.957795469759,0.174112712579648,9.7,"C"
"301",3.50122718805849e-05,0.0042487118185642,121.349218155712,119.543654249538,0.0185905404059272,0.00549131980939967,696.957795469759,0.174112720948793,9.8,"C"
"302",5.21022826932553e-05,0.00632257372839403,121.349265359778,119.543654249538,0.027832710876945,0.0082527003749957,696.957795469759,0.174112788677523,9.9,"C"
"303",5.30438338548574e-05,0.00643683040810131,121.349267960424,119.543654249538,0.0285067122282353,0.00848460274557273,696.957795469759,0.174112792408948,10,"C"
"304",15.3930435932514,2875.37751368139,186.79720461144,NA,6274.25650418513,0,0,Inf,0,"D"
"305",15.1606213781602,2809.0867940836,185.288368069812,NA,6269.80330692242,80.7718273377176,201.396859423841,0.920016174035125,0.1,"D"
"306",14.9010262880159,2736.28598484,183.63070649977,NA,6240.21167443601,156.674106868056,215.867201298522,0.850665156147681,0.2,"D"
"307",14.6215288673135,2659.36742377208,181.880256702643,NA,6189.41246718893,227.206418739844,230.171104307143,0.790195872979518,0.3,"D"
"308",14.3282948511448,2580.21978357665,180.078635342328,NA,6120.95053406626,292.110910393783,244.27207332378,0.737205170005803,0.4,"D"
"309",14.0263241838257,2500.33836140792,178.260414392187,NA,6038.02881528012,351.320745586799,258.14088432314,0.690554752144728,0.5,"D"
"310",13.7197204528702,2420.86498282042,176.451480271522,NA,5943.49758012802,404.913896889752,271.751986550414,0.649310728180408,0.6,"D"
"311",13.4117558679789,2342.65277804057,174.671594167155,NA,5839.86683158789,453.07503448128,285.085162369272,0.612699702487154,0.7,"D"
"312",13.1050866583105,2266.30854403508,172.933503083547,NA,5729.32264205618,496.063065094701,298.12237993507,0.580075548575758,0.8,"D"
"313",12.8016502864504,2192.25570979633,171.247898571067,NA,5613.73585262082,534.185225285423,310.853562319349,0.550895724962417,0.9,"D"
"314",12.5029568907798,2120.75767640498,169.620490171323,NA,5494.69183453991,567.775397713511,323.270509877099,0.524701403279282,1,"D"
"315",12.2100779329303,2051.96029290034,168.054643399634,NA,5373.51188281056,597.177928111225,335.369336080837,0.501103187797486,1.1,"D"
"316",11.9237522974917,1985.9186949303,166.551488607161,NA,5251.28329889912,622.735419519064,347.149147396953,0.479769257266001,1.2,"D"
"317",11.6444442790286,1922.62160280795,165.110636174416,NA,5128.88712616333,644.779974640912,358.611847604703,0.460416010450433,1.3,"D"
"318",11.3723638134214,1862.01124395485,163.73124132358,NA,5007.01909953672,663.626601022438,369.762841931897,0.442800689404415,1.4,"D"
"319",11.1076202363599,1803.99527410685,162.410600625471,NA,4886.23414994517,679.571240690897,380.607362814948,0.426714290087014,1.5,"D"
"320",10.8501371720617,1748.46193009828,161.146527677128,NA,4766.9488310231,692.886807086875,391.153942823799,0.411977255077086,1.6,"D"
"321",10.5997750862322,1695.28640809274,159.936073577138,NA,4649.47904887012,703.824114839322,401.411285013939,0.398434422618646,1.7,"D"
"322",10.3562833907979,1644.33841017408,158.776884343968,NA,4534.04373894326,712.610327639047,411.39029389366,0.385951945635865,1.8,"D"
"323",10.1194896758002,1595.48584745043,157.664654895186,NA,4420.8193149628,719.454814867223,421.09845103838,0.374412811318595,1.9,"D"
"324",9.88903055747302,1548.59953564879,156.597709618617,NA,4309.88849314507,724.54180955128,430.548703026251,0.363716598187196,2,"D"
"325",9.66469141765958,1503.55473469089,155.571933930923,NA,4201.32844821703,728.042352851202,439.748807948065,0.353774543828431,2.1,"D"
"326",9.44606710751988,1460.23162287065,154.586200399548,NA,4095.13553993054,730.103575214893,448.712433866964,0.344510623579869,2.2,"D"
"327",9.23293467043833,1418.51839837275,153.636784944933,NA,3991.32483768953,730.863987849581,457.447212296243,0.335856861327724,2.3,"D"
"328",9.02498067232376,1378.3096622293,152.721619277929,NA,3889.86641880141,730.444373268894,465.963660072692,0.327754355895703,2.4,"D"
"329",8.82192410905943,1339.50748639566,151.838473085491,NA,3790.72090779884,728.953851622863,474.271247848723,0.320151124012312,2.5,"D"
"330",8.62349727723578,1302.02114385696,150.985279173686,NA,3693.83820662724,726.490385945144,482.379057301416,0.31300131481318,2.6,"D"
"331",8.42948825789876,1265.768071416,150.159539071654,NA,3599.17269547202,723.144212485502,490.294395863564,0.306264033075833,2.7,"D"
"332",8.23957773537776,1230.66887889832,149.36067337702,NA,3506.63863798957,718.990246191235,498.028216035482,0.299904038702856,2.8,"D"
"333",8.0535845027172,1196.65374325302,148.586476350906,NA,3416.18259146601,714.101965897367,505.586991138269,0.293889041757941,2.9,"D"
"334",7.87130217187082,1163.6576120005,147.835464398634,NA,3327.73837016876,708.543825335088,512.978118502985,0.288190585653165,3,"D"
"335",7.69253942164571,1131.62083497697,147.106276997781,NA,3241.23980733861,702.374133445515,520.208584980854,0.2827832551114,3.1,"D"
"336",7.51711730148284,1100.48864944699,146.397695460986,NA,3156.62100288497,695.645619618926,527.285050928417,0.277644312508416,3.2,"D"
"337",7.34488426831233,1070.21146718995,145.708418008315,NA,3073.82184489385,688.407069305485,534.213339333263,0.272753237854692,3.3,"D"
"338",7.17563694509784,1040.74084771544,145.038113783953,NA,2992.76405226597,680.698681283188,541.001080899736,0.268092096124357,3.4,"D"
"339",7.00931812968792,1012.03846310506,144.384723931788,NA,2913.41353153824,672.565781844237,547.651072059071,0.263643643367531,3.5,"D"
"340",6.84575951662759,984.063700253394,143.7479213027,NA,2835.70053977222,664.042164765131,554.169884462605,0.259393239028312,3.6,"D"
"341",6.6848496336899,956.78126581248,143.126819336452,NA,2759.57245454103,655.161695528578,560.562230302516,0.255327261808579,3.7,"D"
"342",6.52646912972513,930.157743281872,142.520821717431,NA,2684.97371363215,645.954269866093,566.83312275946,0.251433474853428,3.8,"D"
"343",6.37052622463333,904.163298352221,141.929138421255,NA,2611.8574014941,636.448713225313,572.986677190381,0.247700590731358,3.9,"D"
"344",6.2169292494675,878.769981630946,141.351131140219,NA,2540.17664375846,626.671103788164,579.027025182018,0.244118365797841,4,"D"
"345",6.06559347980354,853.95190210845,140.7862074753,NA,2469.88692295761,616.645523717366,584.958077726158,0.240677431146113,4.1,"D"
"346",5.91644044088342,829.685019141925,140.233815827619,NA,2400.94596020629,606.394244412208,590.783541634721,0.23736919860629,4.2,"D"
"347",5.76939727258513,805.946955399827,139.693440635386,NA,2333.31358912256,595.937889745152,596.506934501558,0.234185778162183,4.3,"D"
"348",5.6243961584809,782.716829792968,139.164597894252,NA,2266.95162888057,585.295580802224,602.131598075653,0.231119905248299,4.4,"D"
"349",5.48135587763642,759.973839287736,138.647053074656,NA,2201.81775422389,574.483544741745,607.661313805157,0.228165015486098,4.5,"D"
"350",5.34020941436374,737.69901199743,138.140465056149,NA,2137.87469540925,563.517527560411,613.099369195283,0.225314968497624,4.6,"D"
"351",5.20095853506764,715.879251840071,137.643714521704,NA,2075.10873597703,552.417767959704,618.446716529461,0.222563578789972,4.7,"D"
"352",5.0635216847684,694.49627523117,137.156769234402,NA,2013.47863098168,541.196058506315,623.707088254467,0.219905740719181,4.8,"D"
"353",4.92781577054615,673.532171105355,136.679657370939,NA,1952.94288387579,529.862657508021,628.884241951687,0.217336750157335,4.9,"D"
"354",4.79381216938858,652.973724951461,136.211787587569,NA,1893.47880168443,518.431465182623,633.980072254184,0.214851844007105,5,"D"
"355",4.66146916591717,632.807348364822,135.752769318236,NA,1835.05969717178,506.914200914558,638.996882712475,0.212446684781903,5.1,"D"
"356",4.53072752185547,613.018560784081,135.302455913975,NA,1777.6532955538,495.319981200564,643.937533454535,0.210117362142438,5.2,"D"
"357",4.40157151678412,593.596868810856,134.860212209968,NA,1721.24256180563,483.661040065109,648.803384734277,0.207859908537932,5.3,"D"
"358",4.27392740132676,574.527478121472,134.426120093458,NA,1665.790989706,471.94334279224,653.597715097548,0.205671037380226,5.4,"D"
"359",4.14776211131836,555.79929748806,133.999800994228,NA,1611.27633300681,460.175842924287,658.322397094872,0.203547382840929,5.5,"D"
"360",4.02303329965935,537.400843493474,133.581008026699,NA,1557.67351507752,448.365879786245,662.979579467108,0.201485855920434,5.6,"D"
"361",3.89969941188988,519.321036694835,133.169504067792,NA,1504.95806221639,436.520166662161,667.571347924844,0.199483552554721,5.7,"D"
"362",3.77771020703862,501.548337142029,132.765169813064,NA,1453.10281979787,424.643895737427,672.100044785598,0.197537808311584,5.8,"D"
"363",3.65706353929419,484.075793717675,132.367345690445,NA,1402.09755586219,412.746425523499,676.566356340555,0.195645769923293,5.9,"D"
"364",3.53768809578901,466.890589437814,131.976188062923,NA,1351.90845479375,400.829682172305,680.973264266759,0.193805241685999,6,"D"
"365",3.41957214331058,449.985533267418,131.591179951471,NA,1302.52258339023,388.901008036331,685.321708578311,0.192013733556543,6.1,"D"
"366",3.30263075716199,433.34695259397,131.212655745492,NA,1253.90193987168,376.95980239932,689.615062907252,0.190269416668962,6.2,"D"
"367",3.18686895991976,416.969723878905,130.839933841963,NA,1206.03995479379,365.014150595769,693.85363714061,0.188569932963323,6.3,"D"
"368",3.07224964396999,400.845100144456,130.472828251835,NA,1158.91573407517,353.067427357025,698.0391299925,0.186913344318157,6.4,"D"
"369",2.95869952031547,384.96104476718,130.111571696924,NA,1112.49606207713,341.118770901048,702.17443053579,0.185298077000102,6.5,"D"
"370",2.84624601019622,369.315428408599,129.755273116092,NA,1066.78295126605,329.177485702603,706.259003250258,0.183721938437526,6.6,"D"
"371",2.73479071208596,353.89413826388,129.404468393103,NA,1021.73493392279,317.239252365475,710.296528385435,0.182183726404029,6.7,"D"
"372",2.62435511157811,338.694967221362,129.058360176605,NA,977.352443771308,305.312101885657,714.286616796711,0.180681475953421,6.8,"D"
"373",2.51487271140481,323.70723899789,128.71714641059,NA,933.605547042593,293.394367026502,718.23182208069,0.179213928502501,6.9,"D"
"374",2.40631153481068,308.92383723086,128.380649289106,NA,890.476528160766,281.487732959862,722.133509979058,0.177779659183561,7,"D"
"375",2.29865918472556,294.339830053238,128.048486704383,NA,847.95469652153,269.595739494851,725.992363239434,0.176377181342543,7.1,"D"
"376",2.19184285608367,279.944256601082,127.720952176873,NA,806.008543582759,257.715032477525,729.811081665838,0.175005498526197,7.2,"D"
"377",2.08585992813601,265.733501298307,127.397577236058,NA,764.631183472176,245.849677375866,733.589977022452,0.173663192282355,7.3,"D"
"378",1.98068300737905,251.701587736551,127.078177981451,NA,723.807301376986,234.000799156065,737.330178033481,0.172349080191426,7.4,"D"
"379",1.87626743265592,237.840853939713,126.762768356023,NA,683.515760597028,222.167355012982,741.033378316892,0.171062157340253,7.5,"D"
"380",1.7726033351364,224.147455635229,126.450995094163,NA,643.747710619071,210.351972376419,744.700080790928,0.16980123724421,7.6,"D"
"381",1.66964678061686,210.614060529554,126.14288421635,NA,604.48262510809,198.553247657231,748.331922061581,0.168565419297948,7.7,"D"
"382",1.56734307959721,197.232233996859,125.838584139183,NA,565.696415741859,186.768313693465,751.930886575514,0.16735392359301,7.8,"D"
"383",1.46572831240104,184.003548942687,125.537282309343,NA,527.396713785598,175.004468275022,755.495882810178,0.166165408926371,7.9,"D"
"384",1.36473085714307,170.917976809397,125.239328996486,NA,489.553869801749,163.25655997076,759.029439469341,0.164999303695051,8,"D"
"385",1.26432735562363,157.970833663833,124.944566738346,NA,452.155171547556,151.524759070696,762.532444720258,0.163854754775953,8.1,"D"
"386",1.16446389652831,145.154115046042,124.653169135427,NA,415.177455777931,139.805527636875,766.00680510827,0.162731151086586,8.2,"D"
"387",1.0651811795226,132.470537608352,124.364324262398,NA,378.630539173935,128.106181012032,769.451227028274,0.161627299942987,8.3,"D"
"388",0.966408734790712,119.910448865672,124.078399282722,NA,342.485800020128,116.420974390925,772.868154294076,0.160542776401563,8.4,"D"
"389",0.868111953841306,107.46825787603,123.795389984545,NA,306.727213713045,104.748162754252,776.258811588964,0.159476952965135,8.5,"D"
"390",0.770312921643533,95.1449802622471,123.514714071324,NA,271.3585259918,93.0925696570487,779.62250549166,0.158428871923638,8.6,"D"
"391",0.672943345305686,82.9313404182776,123.236734558399,NA,236.352307449431,81.448237206858,782.961577700609,0.157398189219347,8.7,"D"
"392",0.576000880405337,70.8257250053232,122.961140190415,NA,201.704095878519,69.8168814767963,786.276141265457,0.156384168025902,8.8,"D"
"393",0.47944819222232,58.8225338504625,122.687987575489,NA,167.397445952731,58.1959532726087,789.567479210297,0.155386323279421,8.9,"D"
"394",0.383255460005164,46.9170841197701,122.417262154955,NA,133.418641372347,46.583676526342,792.836613934661,0.154404148349592,9,"D"
"395",0.287471285508612,35.1140903859077,122.148166290006,NA,99.7811405031108,34.9876396899431,796.081927124059,0.153436677970169,9.1,"D"
"396",0.191970828396787,23.3977233175606,121.881660421861,NA,66.4386632132625,23.3944280559898,799.307620105265,0.152484046637526,9.2,"D"
"397",0.0968068292280561,11.7733486327457,121.616922345532,NA,33.4063055578321,11.8119696712002,802.511924175809,0.151545315006296,9.3,"D"
"398",0.00190652375370062,0.231365037012985,121.354395172837,NA,0.656005006067968,0.232906166526252,805.697277256586,0.150620336692772,9.4,"D"
"399",7.64216911949503e-05,0.00918449310128379,120.181756745664,NA,0.0261676691872129,0.00932569399298778,805.758611761297,0.149153549203726,9.5,"D"
"400",7.0494175907095e-05,0.00838946701085525,119.009363580785,NA,0.0240205607771039,0.00859249828379403,805.758815636351,0.147698493980232,9.6,"D"
"401",8.13065284930056e-05,0.0095823546148161,117.854676523798,NA,0.0275709341614108,0.00989893908847923,805.758461612164,0.146265515211585,9.7,"D"
"402",4.56718592484222e-05,0.00533072240894318,116.71787609845,NA,0.0154129530568623,0.00555399015616991,805.759650760374,0.144854456274034,9.8,"D"
"403",5.75205867151116e-05,0.0066492447346342,115.597651455932,NA,0.0193190320848698,0.00698663821078903,805.759262097935,0.143464254019189,9.9,"D"
"404",8.14422838706703e-05,0.00932464867658534,114.493948762449,NA,0.0272239249465687,0.00988050900300698,805.75847651841,0.142094625249447,10,"D"
